School,acc_naics1,D1,D2,D3
Alps Road,"ACCOUNTING, TAX PREPARATION, BOOKKEEPING, AND PAYROLL SERVICES",0.3566267334111805,0.4346892429880626,0.5750079698839065
Barnett Shoals,"ACCOUNTING, TAX PREPARATION, BOOKKEEPING, AND PAYROLL SERVICES",0.8264030957339835,1.0593887253446266,1.2861906466881783
Barrow,"ACCOUNTING, TAX PREPARATION, BOOKKEEPING, AND PAYROLL SERVICES",0.507012687247826,0.6929448131630809,0.8293764829852017
Chase Street,"ACCOUNTING, TAX PREPARATION, BOOKKEEPING, AND PAYROLL SERVICES",0.361183881315394,0.4717213250622742,0.6023788214460604
Choice Zone-East,"ACCOUNTING, TAX PREPARATION, BOOKKEEPING, AND PAYROLL SERVICES",0.4006408445935085,0.5724651819567558,0.6736794151262564
Choice Zone-West,"ACCOUNTING, TAX PREPARATION, BOOKKEEPING, AND PAYROLL SERVICES",0.9315525466348438,1.522931277165522,1.8587287066303728
Cleveland Road,"ACCOUNTING, TAX PREPARATION, BOOKKEEPING, AND PAYROLL SERVICES",0.9579977857329586,1.0279519599907774,1.2760433178457602
Fowler Drive,"ACCOUNTING, TAX PREPARATION, BOOKKEEPING, AND PAYROLL SERVICES",0.9097001212514968,1.3105020199084396,1.6615832264127368
Gaines,"ACCOUNTING, TAX PREPARATION, BOOKKEEPING, AND PAYROLL SERVICES",0.6870757923186056,0.9041933008145431,0.9939852788233545
Howard B Stroud,"ACCOUNTING, TAX PREPARATION, BOOKKEEPING, AND PAYROLL SERVICES",0.7834539869498716,1.194422502118505,1.2399236878390871
Judia Jackson Harris,"ACCOUNTING, TAX PREPARATION, BOOKKEEPING, AND PAYROLL SERVICES",1.5778855631552047,2.519825296437046,3.1481130120241905
Oglethorpe,"ACCOUNTING, TAX PREPARATION, BOOKKEEPING, AND PAYROLL SERVICES",0.6485875608696616,0.9722534021988929,1.2913118180164447
Timothy Rd.,"ACCOUNTING, TAX PREPARATION, BOOKKEEPING, AND PAYROLL SERVICES",0.5277275240939104,0.8170414048185437,0.9872012518642833
Whit Davis,"ACCOUNTING, TAX PREPARATION, BOOKKEEPING, AND PAYROLL SERVICES",0.9405136373816791,1.5591318002463967,1.8720278455845851
Whitehead Rd.,"ACCOUNTING, TAX PREPARATION, BOOKKEEPING, AND PAYROLL SERVICES",0.775562408606965,1.2575644973132796,1.5087579167785257
Winterville,"ACCOUNTING, TAX PREPARATION, BOOKKEEPING, AND PAYROLL SERVICES",1.458009786612255,1.7606374478468245,1.894845089603165
Alps Road,ALL OTHER MISCELLANEOUS STORE RETAILERS,0.1767739491613625,0.25883808263842234,0.33497584250614715
Barnett Shoals,ALL OTHER MISCELLANEOUS STORE RETAILERS,0.6124522218141818,0.7843670442132795,0.9437681715724278
Barrow,ALL OTHER MISCELLANEOUS STORE RETAILERS,0.38352905966685397,0.45262889809007495,0.5129158440939773
Chase Street,ALL OTHER MISCELLANEOUS STORE RETAILERS,0.2087775404008997,0.2926185133342076,0.34375882696425153
Choice Zone-East,ALL OTHER MISCELLANEOUS STORE RETAILERS,0.37313404036720604,0.5569411748381509,0.6268842060559131
Choice Zone-West,ALL OTHER MISCELLANEOUS STORE RETAILERS,0.866176280641086,0.9401296385804869,1.1210214430037604
Cleveland Road,ALL OTHER MISCELLANEOUS STORE RETAILERS,0.5255981076330559,0.6770344948291842,0.7951199532345176
Fowler Drive,ALL OTHER MISCELLANEOUS STORE RETAILERS,0.5224201137014378,0.7896505468919122,0.9098392531429674
Gaines,ALL OTHER MISCELLANEOUS STORE RETAILERS,0.2981779055634804,0.3999893674736342,0.48518706121418764
Howard B Stroud,ALL OTHER MISCELLANEOUS STORE RETAILERS,0.49172620578679604,0.6875396059806408,0.7750979095989889
Judia Jackson Harris,ALL OTHER MISCELLANEOUS STORE RETAILERS,0.6635429449898792,0.9112899707217664,1.5884465608155625
Oglethorpe,ALL OTHER MISCELLANEOUS STORE RETAILERS,1.1799014496517943,1.267414535462457,1.3257611336429154
Timothy Rd.,ALL OTHER MISCELLANEOUS STORE RETAILERS,0.622292656985233,0.6740509312639904,0.7536970105539542
Whit Davis,ALL OTHER MISCELLANEOUS STORE RETAILERS,1.0740047830258344,1.5523943618649518,1.7774071190778984
Whitehead Rd.,ALL OTHER MISCELLANEOUS STORE RETAILERS,0.9245911370501986,1.2059079095908565,1.2517679174078444
Winterville,ALL OTHER MISCELLANEOUS STORE RETAILERS,0.981357413365853,1.3845290189407147,1.577843934584621
Alps Road,ALL OTHER PERSONAL SERVICES,0.32910838737359405,0.7669679910485339,0.9431213440374335
Barnett Shoals,ALL OTHER PERSONAL SERVICES,0.8949192841373098,1.4204046132738024,1.9989889717433302
Barrow,ALL OTHER PERSONAL SERVICES,0.5268257602757391,0.6405382450710163,0.8873158023520645
Chase Street,ALL OTHER PERSONAL SERVICES,0.31349325906519904,0.44223249951559074,0.5492086957131364
Choice Zone-East,ALL OTHER PERSONAL SERVICES,1.3262154806915427,1.6229591783921762,2.220620729395493
Choice Zone-West,ALL OTHER PERSONAL SERVICES,0.7052990986462803,1.180412324879291,1.8256496327102676
Cleveland Road,ALL OTHER PERSONAL SERVICES,1.2847635588903328,2.355384111435694,3.4051755327152202
Fowler Drive,ALL OTHER PERSONAL SERVICES,2.203013565606639,2.522077728965261,2.743192706430198
Gaines,ALL OTHER PERSONAL SERVICES,0.528460980507289,0.9167260147670915,1.2557636631631823
Howard B Stroud,ALL OTHER PERSONAL SERVICES,0.8189907412529005,1.2020646376545192,1.3133740500643434
Judia Jackson Harris,ALL OTHER PERSONAL SERVICES,3.395210362381886,4.4046077770252925,4.681058570178145
Oglethorpe,ALL OTHER PERSONAL SERVICES,0.8035845568420071,1.2687403302823501,1.4654710932128092
Timothy Rd.,ALL OTHER PERSONAL SERVICES,0.9714349904475255,1.2889092993565807,1.8066274317777558
Whit Davis,ALL OTHER PERSONAL SERVICES,2.920742395024609,3.1263326258840625,3.6329728171096263
Whitehead Rd.,ALL OTHER PERSONAL SERVICES,0.6648177284579311,1.1831289103502556,1.5278397614818147
Winterville,ALL OTHER PERSONAL SERVICES,2.1677981666957735,3.028632982251914,3.476607116348028
Alps Road,"ALL OTHER PROFESSIONAL, SCIENTIFIC, AND TECHNICAL SERVICES",0.2940465505668603,0.4648821936411979,0.6070504245944919
Barnett Shoals,"ALL OTHER PROFESSIONAL, SCIENTIFIC, AND TECHNICAL SERVICES",0.5471955484338661,0.7765931124729661,1.047501072194267
Barrow,"ALL OTHER PROFESSIONAL, SCIENTIFIC, AND TECHNICAL SERVICES",0.35742243130517365,0.5520964469048211,0.6441039345631193
Chase Street,"ALL OTHER PROFESSIONAL, SCIENTIFIC, AND TECHNICAL SERVICES",0.2749635024462663,0.41749483206577503,0.5201393444886525
Choice Zone-East,"ALL OTHER PROFESSIONAL, SCIENTIFIC, AND TECHNICAL SERVICES",0.407617983310564,0.6144930244664099,0.7431708734245542
Choice Zone-West,"ALL OTHER PROFESSIONAL, SCIENTIFIC, AND TECHNICAL SERVICES",0.6924994179448258,1.0136284022900741,1.1924681950292035
Cleveland Road,"ALL OTHER PROFESSIONAL, SCIENTIFIC, AND TECHNICAL SERVICES",0.4303183571139958,0.5974998866216991,0.7441796149238263
Fowler Drive,"ALL OTHER PROFESSIONAL, SCIENTIFIC, AND TECHNICAL SERVICES",1.3517630269306198,2.1226962415238875,2.401093552285699
Gaines,"ALL OTHER PROFESSIONAL, SCIENTIFIC, AND TECHNICAL SERVICES",0.44407233468131624,0.8332347918543189,1.0514310366791115
Howard B Stroud,"ALL OTHER PROFESSIONAL, SCIENTIFIC, AND TECHNICAL SERVICES",0.7315403358622407,0.9595690000704952,1.1266106518395884
Judia Jackson Harris,"ALL OTHER PROFESSIONAL, SCIENTIFIC, AND TECHNICAL SERVICES",3.327031965892957,4.081703013531775,4.229103049131684
Oglethorpe,"ALL OTHER PROFESSIONAL, SCIENTIFIC, AND TECHNICAL SERVICES",0.5194335623686305,0.7834632182063737,1.0535038644163912
Timothy Rd.,"ALL OTHER PROFESSIONAL, SCIENTIFIC, AND TECHNICAL SERVICES",0.2828481650176539,0.46563267413847215,0.5847443793110519
Whit Davis,"ALL OTHER PROFESSIONAL, SCIENTIFIC, AND TECHNICAL SERVICES",0.5511072890782649,0.9345057241315539,1.0977842732163554
Whitehead Rd.,"ALL OTHER PROFESSIONAL, SCIENTIFIC, AND TECHNICAL SERVICES",0.5485464133118686,0.7598244433374025,0.997786738417952
Winterville,"ALL OTHER PROFESSIONAL, SCIENTIFIC, AND TECHNICAL SERVICES",2.0902532172238444,2.5440372210269673,2.6616739649364383
Alps Road,ALL OTHER SPECIAL TRADE CONTRACTORS,0.4600548289766665,0.5754512079116927,0.6534960076247394
Barnett Shoals,ALL OTHER SPECIAL TRADE CONTRACTORS,1.1484677687017564,1.8394500387766128,2.246334104391975
Barrow,ALL OTHER SPECIAL TRADE CONTRACTORS,0.9548606386195769,1.3121144930460744,1.4477184428513123
Chase Street,ALL OTHER SPECIAL TRADE CONTRACTORS,0.2986250835821093,0.5057828522110717,0.7037887641335682
Choice Zone-East,ALL OTHER SPECIAL TRADE CONTRACTORS,0.9265866640223916,1.5611296327419797,1.8951780757823768
Choice Zone-West,ALL OTHER SPECIAL TRADE CONTRACTORS,0.6883664960260985,0.9524035196192263,1.2549207871758294
Cleveland Road,ALL OTHER SPECIAL TRADE CONTRACTORS,1.145141297085545,1.2003262199002902,2.0479197324277494
Fowler Drive,ALL OTHER SPECIAL TRADE CONTRACTORS,0.7162641751213283,1.1204213184486893,1.3906406165136325
Gaines,ALL OTHER SPECIAL TRADE CONTRACTORS,0.7695387765043142,1.1118356889870613,1.2383189942226778
Howard B Stroud,ALL OTHER SPECIAL TRADE CONTRACTORS,0.6588566750468191,0.9273618733933309,1.0864304937078926
Judia Jackson Harris,ALL OTHER SPECIAL TRADE CONTRACTORS,2.3588395279193612,2.7167986131457633,2.9732380785137993
Oglethorpe,ALL OTHER SPECIAL TRADE CONTRACTORS,0.9223220995704131,1.1662803467416785,1.4225693370334538
Timothy Rd.,ALL OTHER SPECIAL TRADE CONTRACTORS,0.8330435651386819,1.3303264020552539,1.608187625823699
Whit Davis,ALL OTHER SPECIAL TRADE CONTRACTORS,0.692037443989389,1.2116009792057472,1.7562909161260782
Whitehead Rd.,ALL OTHER SPECIAL TRADE CONTRACTORS,0.5033976488065668,0.876677302976404,1.1325271237156342
Winterville,ALL OTHER SPECIAL TRADE CONTRACTORS,1.5947973657120598,2.268934871804266,2.5569402394942573
Alps Road,ALL OTHER SUPPORT SERVICES,0.48972294349701645,0.7675854971182641,1.0164376814278964
Barnett Shoals,ALL OTHER SUPPORT SERVICES,3.2270973264885576,3.3569077445522897,3.4346875423783616
Barrow,ALL OTHER SUPPORT SERVICES,0.9368743861732033,1.1714085642263312,1.373851365444407
Chase Street,ALL OTHER SUPPORT SERVICES,0.48705702647308907,0.6576482975167871,0.8813061327920196
Choice Zone-East,ALL OTHER SUPPORT SERVICES,3.7996650644425807,3.9432098037397414,4.016482272405269
Choice Zone-West,ALL OTHER SUPPORT SERVICES,0.609521572655344,0.8569044195088988,1.369733461228333
Cleveland Road,ALL OTHER SUPPORT SERVICES,1.0321717268904498,1.2901088868901545,1.5022718908704649
Fowler Drive,ALL OTHER SUPPORT SERVICES,1.5783366200254223,2.395199778183278,2.6014549653876267
Gaines,ALL OTHER SUPPORT SERVICES,1.939823648788749,2.162412359762019,2.396706036700589
Howard B Stroud,ALL OTHER SUPPORT SERVICES,1.6069888757626876,1.9868504796264346,2.460741926133299
Judia Jackson Harris,ALL OTHER SUPPORT SERVICES,3.3644763906431017,4.566491670250022,4.732226636116405
Oglethorpe,ALL OTHER SUPPORT SERVICES,0.9798762166057607,1.3615369767374614,1.5582614319905128
Timothy Rd.,ALL OTHER SUPPORT SERVICES,0.7475996065104915,1.212866586689845,1.3372080605603947
Whit Davis,ALL OTHER SUPPORT SERVICES,5.658351534566667,5.740143252716045,5.787874645906171
Whitehead Rd.,ALL OTHER SUPPORT SERVICES,0.7886258010417697,1.0617909045353473,1.8135051361443073
Winterville,ALL OTHER SUPPORT SERVICES,4.8670445869263474,5.15314031045989,5.412126462532957
Alps Road,AUTO REPAIR AND MAINTENANCE,0.3043959472380321,0.4852707171774457,0.6081210481551683
Barnett Shoals,AUTO REPAIR AND MAINTENANCE,1.2092981817225885,1.947996833069695,2.152057226072252
Barrow,AUTO REPAIR AND MAINTENANCE,0.6079524621593805,1.0914577431692478,1.2254388875596882
Chase Street,AUTO REPAIR AND MAINTENANCE,0.4494834519663324,0.6305238991088576,0.7822207761427594
Choice Zone-East,AUTO REPAIR AND MAINTENANCE,0.539117619354746,0.9623304385045128,1.3200562574836832
Choice Zone-West,AUTO REPAIR AND MAINTENANCE,1.2614582580604352,1.9658397236887488,2.250595954350384
Cleveland Road,AUTO REPAIR AND MAINTENANCE,0.6687124726553787,0.8581435101099992,0.9261532871825069
Fowler Drive,AUTO REPAIR AND MAINTENANCE,0.46207649175552407,0.8410518250418959,0.9781209199959459
Gaines,AUTO REPAIR AND MAINTENANCE,0.42677188521003867,0.545435838229259,0.7274820741898629
Howard B Stroud,AUTO REPAIR AND MAINTENANCE,0.6457893856798383,0.9195768540507309,1.10115826463419
Judia Jackson Harris,AUTO REPAIR AND MAINTENANCE,0.6440077442435782,1.103053450203612,1.380404731238712
Oglethorpe,AUTO REPAIR AND MAINTENANCE,0.8838603861351073,1.3963544687910603,1.4694838540038633
Timothy Rd.,AUTO REPAIR AND MAINTENANCE,0.7678238511244799,0.9162725142980781,1.12077880387285
Whit Davis,AUTO REPAIR AND MAINTENANCE,2.170361255637449,2.6352500328041963,3.270677680560588
Whitehead Rd.,AUTO REPAIR AND MAINTENANCE,0.8374167416310379,1.7473903906259312,2.5657862168907117
Winterville,AUTO REPAIR AND MAINTENANCE,1.7869625400881948,2.2317418204970436,2.4126584615146394
Alps Road,"AUTO REPAIR AND,                                                      MAINTENANCE",0.37142165437869346,0.4424938448612051,0.5915080165004831
Barnett Shoals,"AUTO REPAIR AND,                                                      MAINTENANCE",1.6737031714632402,2.0776314227459327,2.2810856017936074
Barrow,"AUTO REPAIR AND,                                                      MAINTENANCE",0.7445757278304249,1.1016119221438063,1.3214151214805085
Chase Street,"AUTO REPAIR AND,                                                      MAINTENANCE",0.5851271567234347,0.7023678582725265,0.9257396734633954
Choice Zone-East,"AUTO REPAIR AND,                                                      MAINTENANCE",0.8038599502502538,1.4342121610453513,1.8387778656298441
Choice Zone-West,"AUTO REPAIR AND,                                                      MAINTENANCE",0.8701512986454043,1.0268919279679933,1.0832155433294182
Cleveland Road,"AUTO REPAIR AND,                                                      MAINTENANCE",0.968676278793142,1.3537557445862216,1.4799160935045115
Fowler Drive,"AUTO REPAIR AND,                                                      MAINTENANCE",0.592173962353822,0.9971152185534773,1.3076382662784454
Gaines,"AUTO REPAIR AND,                                                      MAINTENANCE",0.7001408721203844,0.8751835467273951,1.012658983079088
Howard B Stroud,"AUTO REPAIR AND,                                                      MAINTENANCE",0.9507512306921849,1.2938876377393953,1.4328830026219723
Judia Jackson Harris,"AUTO REPAIR AND,                                                      MAINTENANCE",1.5991420185693948,2.1006646549634995,2.538223408097207
Oglethorpe,"AUTO REPAIR AND,                                                      MAINTENANCE",1.3994921635929538,1.5307679472739733,1.632238897098908
Timothy Rd.,"AUTO REPAIR AND,                                                      MAINTENANCE",0.6789790268922501,0.9485737684196787,1.2528992670153698
Whit Davis,"AUTO REPAIR AND,                                                      MAINTENANCE",2.5130909918772315,3.3989355708732916,3.7636021229705876
Whitehead Rd.,"AUTO REPAIR AND,                                                      MAINTENANCE",1.0353716071751553,1.1536272741492293,1.3498174059819603
Winterville,"AUTO REPAIR AND,                                                      MAINTENANCE",1.6674798600382803,2.227917356737225,2.5501163859345475
Alps Road,AUTOMOTIVE PARTS AND ACCESSORIES STORES,0.5251883568607968,0.793859833513961,0.9645254532162549
Barnett Shoals,AUTOMOTIVE PARTS AND ACCESSORIES STORES,1.3145961239172523,2.297916525763575,2.60269864457304
Barrow,AUTOMOTIVE PARTS AND ACCESSORIES STORES,1.4907365386859779,1.55363934440607,1.892663247587245
Chase Street,AUTOMOTIVE PARTS AND ACCESSORIES STORES,0.8405784497255554,0.8964859785407737,1.1238885763546254
Choice Zone-East,AUTOMOTIVE PARTS AND ACCESSORIES STORES,0.6063876836030182,1.0355091100612854,1.3158883495068894
Choice Zone-West,AUTOMOTIVE PARTS AND ACCESSORIES STORES,2.129081477515053,3.1282593139376473,3.2268109718881464
Cleveland Road,AUTOMOTIVE PARTS AND ACCESSORIES STORES,0.8917155058818829,1.0327199270702843,1.7503020484836735
Fowler Drive,AUTOMOTIVE PARTS AND ACCESSORIES STORES,1.1915614469874303,1.7683855631363574,2.4810247111223775
Gaines,AUTOMOTIVE PARTS AND ACCESSORIES STORES,1.1683653636934634,1.3341990783754467,1.7713045431451298
Howard B Stroud,AUTOMOTIVE PARTS AND ACCESSORIES STORES,0.6677019744357803,0.7904360478659808,2.328269325567136
Judia Jackson Harris,AUTOMOTIVE PARTS AND ACCESSORIES STORES,0.8681692673488026,1.1746158636647148,3.1462244375349564
Oglethorpe,AUTOMOTIVE PARTS AND ACCESSORIES STORES,1.4292486351574047,1.8199350056428873,2.1174460322549447
Timothy Rd.,AUTOMOTIVE PARTS AND ACCESSORIES STORES,1.0677448474471511,1.4997630125998975,1.9344851893495978
Whit Davis,AUTOMOTIVE PARTS AND ACCESSORIES STORES,2.100659181746655,2.52434468570309,2.9627499130088535
Whitehead Rd.,AUTOMOTIVE PARTS AND ACCESSORIES STORES,2.5118781267704455,2.823660919568385,3.0128714544258197
Winterville,AUTOMOTIVE PARTS AND ACCESSORIES STORES,1.733524348756413,2.2178456021367143,3.0855207453392937
Alps Road,BEER AND WINE ON PREMISES/SUNDAY,0.37244744428377824,0.6472052299135702,0.8100155889475333
Barnett Shoals,BEER AND WINE ON PREMISES/SUNDAY,1.102717892434012,1.3643823106032833,1.4794335121516946
Barrow,BEER AND WINE ON PREMISES/SUNDAY,0.6820032285995336,0.984979565916301,1.1436199900548454
Chase Street,BEER AND WINE ON PREMISES/SUNDAY,0.42842688792373923,0.5514440871170908,0.7734760914365718
Choice Zone-East,BEER AND WINE ON PREMISES/SUNDAY,0.8337358578907097,0.8350253823919273,0.851637490240453
Choice Zone-West,BEER AND WINE ON PREMISES/SUNDAY,2.5531264284664985,2.7330880311697765,3.2238201873815777
Cleveland Road,BEER AND WINE ON PREMISES/SUNDAY,3.1816187162126157,4.2962005169549276,4.3674749300890925
Fowler Drive,BEER AND WINE ON PREMISES/SUNDAY,2.789832576153295,2.8050586156874315,2.9012515385183817
Gaines,BEER AND WINE ON PREMISES/SUNDAY,0.8794213243519897,0.9166006908898756,0.9821061759884726
Howard B Stroud,BEER AND WINE ON PREMISES/SUNDAY,1.3005474647837736,1.3141543827210924,1.4208603649874672
Judia Jackson Harris,BEER AND WINE ON PREMISES/SUNDAY,4.6886837303867654,4.697602098433574,4.831849766778251
Oglethorpe,BEER AND WINE ON PREMISES/SUNDAY,1.5453642246695116,2.072094056795173,2.2618137890460503
Timothy Rd.,BEER AND WINE ON PREMISES/SUNDAY,1.149789960347037,1.9915819022284975,2.0853498719098598
Whit Davis,BEER AND WINE ON PREMISES/SUNDAY,2.3771397588501704,2.4322492609551802,2.4442243393675875
Whitehead Rd.,BEER AND WINE ON PREMISES/SUNDAY,2.580185824857023,2.8210424101190195,2.9698544853298574
Winterville,BEER AND WINE ON PREMISES/SUNDAY,3.02258476394421,3.0252447786293764,3.0549029793539066
Alps Road,BEER/WINE PKG/SUNDAY SALES,0.29912622516659354,0.5049382021614465,0.6584181578821723
Barnett Shoals,BEER/WINE PKG/SUNDAY SALES,0.8092150881747981,0.8930610858742413,1.100761123053073
Barrow,BEER/WINE PKG/SUNDAY SALES,0.3795001549973254,0.5211475082462148,0.6448500101055996
Chase Street,BEER/WINE PKG/SUNDAY SALES,0.3324769597666722,0.47545253554432393,0.5914914564558581
Choice Zone-East,BEER/WINE PKG/SUNDAY SALES,0.4790881818743175,0.5697018538070551,0.6536725456868224
Choice Zone-West,BEER/WINE PKG/SUNDAY SALES,0.7772347804290164,0.9374430057734368,1.0804052352395548
Cleveland Road,BEER/WINE PKG/SUNDAY SALES,0.9064989944457058,0.9936342868595587,1.286773347788029
Fowler Drive,BEER/WINE PKG/SUNDAY SALES,0.6506952530161128,0.9541853603288017,1.0806966140564997
Gaines,BEER/WINE PKG/SUNDAY SALES,0.5388994588647216,0.5900473981358687,0.8182149134086575
Howard B Stroud,BEER/WINE PKG/SUNDAY SALES,0.5419269171741308,0.6855630179904431,0.7881214554561881
Judia Jackson Harris,BEER/WINE PKG/SUNDAY SALES,0.8393650924082721,1.1310668396637829,1.5704023269797276
Oglethorpe,BEER/WINE PKG/SUNDAY SALES,0.8900358605583047,0.955099141995119,1.0477740928138628
Timothy Rd.,BEER/WINE PKG/SUNDAY SALES,0.6340536282479504,0.7351019252954866,0.8297686814506867
Whit Davis,BEER/WINE PKG/SUNDAY SALES,1.8863798816198594,1.9444195348784368,1.996262519182141
Whitehead Rd.,BEER/WINE PKG/SUNDAY SALES,0.9593665381308025,1.0716107951470983,1.295919432169108
Winterville,BEER/WINE PKG/SUNDAY SALES,1.5196597566576568,1.6538162614143102,1.7414229465840354
Alps Road,BEER/WINE/LIQUOR ON PREMI/SUNDAY,0.2947482054357515,0.43114214665614065,0.5032866162594044
Barnett Shoals,BEER/WINE/LIQUOR ON PREMI/SUNDAY,0.9791749066753549,1.0369500391051156,1.2230160365104523
Barrow,BEER/WINE/LIQUOR ON PREMI/SUNDAY,0.4797802567383422,0.5188265838585895,0.6775849677812821
Chase Street,BEER/WINE/LIQUOR ON PREMI/SUNDAY,0.36082707009266746,0.5247807191340313,0.6392865716137106
Choice Zone-East,BEER/WINE/LIQUOR ON PREMI/SUNDAY,0.5980785097714069,0.8350081161604826,1.0437803307085796
Choice Zone-West,BEER/WINE/LIQUOR ON PREMI/SUNDAY,1.7464334001405293,2.313226301073638,2.5719482346892812
Cleveland Road,BEER/WINE/LIQUOR ON PREMI/SUNDAY,1.4697680908325947,1.7062897646206743,1.808074937936167
Fowler Drive,BEER/WINE/LIQUOR ON PREMI/SUNDAY,2.2384500173465236,2.516957045934124,2.6572011614622335
Gaines,BEER/WINE/LIQUOR ON PREMI/SUNDAY,0.7736549226425582,0.9276927183455221,0.9413966791640163
Howard B Stroud,BEER/WINE/LIQUOR ON PREMI/SUNDAY,1.1772924732669534,1.2768283861551948,1.3383632635615645
Judia Jackson Harris,BEER/WINE/LIQUOR ON PREMI/SUNDAY,1.1177368419063232,4.514007649236048,4.564395857232406
Oglethorpe,BEER/WINE/LIQUOR ON PREMI/SUNDAY,1.4674008585584666,1.5768078180337453,1.6495234874461202
Timothy Rd.,BEER/WINE/LIQUOR ON PREMI/SUNDAY,0.7557064830605591,0.817360233971378,0.8951772321745148
Whit Davis,BEER/WINE/LIQUOR ON PREMI/SUNDAY,2.1225024670445727,2.35415102693904,2.4166616508146506
Whitehead Rd.,BEER/WINE/LIQUOR ON PREMI/SUNDAY,1.8156276837168046,2.5720025958342707,2.6531930560457666
Winterville,BEER/WINE/LIQUOR ON PREMI/SUNDAY,2.5860402770500808,2.9429653099922923,3.2603873612745877
Alps Road,BEER/WINE/LIQUOR ON PREMISES C,0.9888705123701432,1.21256904274299,1.25984201419613
Barnett Shoals,BEER/WINE/LIQUOR ON PREMISES C,3.1666883551048848,3.1918818456095606,3.1988775832182643
Barrow,BEER/WINE/LIQUOR ON PREMISES C,1.0453342429429062,1.2154419906058895,1.2415929453195675
Chase Street,BEER/WINE/LIQUOR ON PREMISES C,0.42112143924785156,0.5199378948704565,0.5480043820060612
Choice Zone-East,BEER/WINE/LIQUOR ON PREMISES C,3.398910949760674,3.404235243320075,3.411964343808328
Choice Zone-West,BEER/WINE/LIQUOR ON PREMISES C,2.0360000137216687,2.311791658228418,2.508302819152717
Cleveland Road,BEER/WINE/LIQUOR ON PREMISES C,1.1817696493614003,3.544749190968057,4.487828901010272
Fowler Drive,BEER/WINE/LIQUOR ON PREMISES C,1.2868079723969408,2.7791323565581116,2.79486508744468
Gaines,BEER/WINE/LIQUOR ON PREMISES C,1.5293134883358819,1.5353980941859608,1.5450168264714705
Howard B Stroud,BEER/WINE/LIQUOR ON PREMISES C,1.332306225808585,1.3437227685741404,1.35308084791616
Judia Jackson Harris,BEER/WINE/LIQUOR ON PREMISES C,3.1544599921401124,4.694950280727156,4.701428246362411
Oglethorpe,BEER/WINE/LIQUOR ON PREMISES C,1.0049883937739563,1.705011232298925,2.1972942327704024
Timothy Rd.,BEER/WINE/LIQUOR ON PREMISES C,1.713555097154763,2.3939510956742502,2.76333322217459
Whit Davis,BEER/WINE/LIQUOR ON PREMISES C,5.319652851542348,5.323958146912467,5.329445595931928
Whitehead Rd.,BEER/WINE/LIQUOR ON PREMISES C,1.717626966812809,2.1450783716560053,2.6667004299254695
Winterville,BEER/WINE/LIQUOR ON PREMISES C,4.421691901549645,4.452610011645887,4.465532870735942
Alps Road,BEER/WINE/LIQUOR PKG/SUNDAY SALES,0.36811043694108075,0.671126246035156,0.9273311384614696
Barnett Shoals,BEER/WINE/LIQUOR PKG/SUNDAY SALES,0.9762274931601713,1.6379636432713116,2.0087912753744632
Barrow,BEER/WINE/LIQUOR PKG/SUNDAY SALES,0.5446084792702556,0.8293726488951821,1.095318694164927
Chase Street,BEER/WINE/LIQUOR PKG/SUNDAY SALES,0.5414755760963071,0.8151277016912782,0.9943375093367379
Choice Zone-East,BEER/WINE/LIQUOR PKG/SUNDAY SALES,0.7064769587532986,1.176624161808822,2.3361029226862
Choice Zone-West,BEER/WINE/LIQUOR PKG/SUNDAY SALES,1.7460847446050372,2.2688472265240023,2.455709752773945
Cleveland Road,BEER/WINE/LIQUOR PKG/SUNDAY SALES,1.0024208044589038,1.9375442879409424,3.3717604359407893
Fowler Drive,BEER/WINE/LIQUOR PKG/SUNDAY SALES,1.430212579505888,1.8639409188842873,2.3221229330000863
Gaines,BEER/WINE/LIQUOR PKG/SUNDAY SALES,0.41956125742787537,0.7781729489812294,0.9938644808065217
Howard B Stroud,BEER/WINE/LIQUOR PKG/SUNDAY SALES,0.61735132968621,1.0022437229220826,1.2418908965182573
Judia Jackson Harris,BEER/WINE/LIQUOR PKG/SUNDAY SALES,0.8928821916447814,1.4200448155672398,3.610122244071207
Oglethorpe,BEER/WINE/LIQUOR PKG/SUNDAY SALES,0.9719994916443183,1.4486974516582483,1.602891755113213
Timothy Rd.,BEER/WINE/LIQUOR PKG/SUNDAY SALES,0.8519607822649886,1.4200090385356152,1.7221473177854043
Whit Davis,BEER/WINE/LIQUOR PKG/SUNDAY SALES,2.286521534385831,2.7072855145105215,4.16223090937522
Whitehead Rd.,BEER/WINE/LIQUOR PKG/SUNDAY SALES,1.544550161003389,1.87505605593718,2.240213392887991
Winterville,BEER/WINE/LIQUOR PKG/SUNDAY SALES,1.9224991202320192,2.890478602191401,3.4450956420838588
Alps Road,CHILD DAY CARE SERVICES,0.7177616370941851,1.1765805371659857,1.6593999486840747
Barnett Shoals,CHILD DAY CARE SERVICES,1.2796130018252139,1.378608302310037,1.5359967789292623
Barrow,CHILD DAY CARE SERVICES,0.8686004590614514,1.7062114373222335,1.956391546069576
Chase Street,CHILD DAY CARE SERVICES,0.877834359657133,1.4380301406790192,1.8577963098434163
Choice Zone-East,CHILD DAY CARE SERVICES,0.7912772123266073,1.0833615240247123,1.1552257471734309
Choice Zone-West,CHILD DAY CARE SERVICES,0.8999377777230712,1.715933927086748,2.72586990345552
Cleveland Road,CHILD DAY CARE SERVICES,2.1602632798633956,2.5865959111655217,2.877638638058508
Fowler Drive,CHILD DAY CARE SERVICES,1.5858719641250576,1.9535584116165776,2.333365447878061
Gaines,CHILD DAY CARE SERVICES,0.8605523660922945,0.9711459866391251,1.1954762672366814
Howard B Stroud,CHILD DAY CARE SERVICES,0.491515166039336,0.7925273717838898,1.8140352884524955
Judia Jackson Harris,CHILD DAY CARE SERVICES,0.9851134919713113,3.222283574237629,3.66077461165632
Oglethorpe,CHILD DAY CARE SERVICES,0.8729362441423739,1.381792558887565,1.7962457467757
Timothy Rd.,CHILD DAY CARE SERVICES,0.7181667776388272,1.114409975148881,1.3548100560535898
Whit Davis,CHILD DAY CARE SERVICES,2.344948657830574,2.7153152727483643,2.761451167114413
Whitehead Rd.,CHILD DAY CARE SERVICES,0.8403085367187807,1.5021336348605019,2.1140153417482774
Winterville,CHILD DAY CARE SERVICES,2.33234045240792,2.865340624284853,3.1434298804097183
Alps Road,COMPUTER SYSTEMS DESIGN SERVICES,0.7714983749312909,0.8879819623495292,1.392043751334874
Barnett Shoals,COMPUTER SYSTEMS DESIGN SERVICES,1.2881421364574919,1.681082155180905,2.274141096821986
Barrow,COMPUTER SYSTEMS DESIGN SERVICES,0.6532592298413098,0.9881065472096552,1.7824456201808039
Chase Street,COMPUTER SYSTEMS DESIGN SERVICES,0.5536792866677683,0.7232410169928631,1.3216496556677237
Choice Zone-East,COMPUTER SYSTEMS DESIGN SERVICES,0.5573274040431746,1.181412331982589,2.358861907282802
Choice Zone-West,COMPUTER SYSTEMS DESIGN SERVICES,1.3245807778869578,2.7894161333472214,2.928786297194634
Cleveland Road,COMPUTER SYSTEMS DESIGN SERVICES,0.7708816366256744,1.1968384054128882,1.5783165374249977
Fowler Drive,COMPUTER SYSTEMS DESIGN SERVICES,2.483851308983942,2.8631256427950573,3.7326261163967938
Gaines,COMPUTER SYSTEMS DESIGN SERVICES,1.0334427091440412,1.6097161048250945,2.202368611334683
Howard B Stroud,COMPUTER SYSTEMS DESIGN SERVICES,1.2064173416241446,1.484179773911533,2.677730932006072
Judia Jackson Harris,COMPUTER SYSTEMS DESIGN SERVICES,4.525152898515163,4.811272627476055,5.617359288330533
Oglethorpe,COMPUTER SYSTEMS DESIGN SERVICES,1.2655690697704416,1.525402365717123,1.8223857932596321
Timothy Rd.,COMPUTER SYSTEMS DESIGN SERVICES,0.638214390003777,1.0994198205710468,1.5308200905894869
Whit Davis,COMPUTER SYSTEMS DESIGN SERVICES,0.9346070020110553,1.7027676610574902,2.514845007661322
Whitehead Rd.,COMPUTER SYSTEMS DESIGN SERVICES,0.9824780707066474,2.1367350446783675,2.5534378437005354
Winterville,COMPUTER SYSTEMS DESIGN SERVICES,2.675128065415521,3.164915553447507,3.8980465904597503
Alps Road,CONVENIENCE STORES,0.23148902869674143,0.28465898867306194,0.4337347335745102
Barnett Shoals,CONVENIENCE STORES,0.8102196923978541,0.8743280597414786,0.9026789142981866
Barrow,CONVENIENCE STORES,0.36506931998362635,0.4410836845680547,0.5385367610697593
Chase Street,CONVENIENCE STORES,0.25655186653069867,0.37421043453587144,0.4505532482054035
Choice Zone-East,CONVENIENCE STORES,0.4737351613426502,0.6024763226283364,0.7191665364872852
Choice Zone-West,CONVENIENCE STORES,0.7772347804290164,0.939031037019688,1.0869665690297867
Cleveland Road,CONVENIENCE STORES,0.87077327018744,0.9247056355224348,1.070259382609181
Fowler Drive,CONVENIENCE STORES,0.7139091190214235,0.9800743887462381,1.205056835657935
Gaines,CONVENIENCE STORES,0.3540123464205494,0.560331332658939,0.6172617489722403
Howard B Stroud,CONVENIENCE STORES,0.3947780414870428,0.6644427875843963,0.8491014674177536
Judia Jackson Harris,CONVENIENCE STORES,0.7047227602063124,0.8463137170954367,0.952608111802617
Oglethorpe,CONVENIENCE STORES,0.8900559465645224,0.938365735952238,0.9830540095027345
Timothy Rd.,CONVENIENCE STORES,0.6415597703622915,0.8475537652489009,0.975265602422041
Whit Davis,CONVENIENCE STORES,1.8856217452912976,1.945917789604544,2.2044199576698436
Whitehead Rd.,CONVENIENCE STORES,0.9593665381308025,1.0843324831609213,1.2903690218700508
Winterville,CONVENIENCE STORES,1.4385742778861,1.639599949637831,1.8492208399404821
Alps Road,DRINKING PLACE ( ALCOHOLIC BEVERAGES),0.91632343208034,1.1481659891585652,1.2867002675531407
Barnett Shoals,DRINKING PLACE ( ALCOHOLIC BEVERAGES),2.081389594917678,2.8623811703329736,3.1981759640032448
Barrow,DRINKING PLACE ( ALCOHOLIC BEVERAGES),0.6814446894047756,1.1266616360997237,1.2482185929460998
Chase Street,DRINKING PLACE ( ALCOHOLIC BEVERAGES),0.37231617706568715,0.5122235017817794,0.700710775400544
Choice Zone-East,DRINKING PLACE ( ALCOHOLIC BEVERAGES),0.8010774651153694,3.388744433711666,3.411024192020506
Choice Zone-West,DRINKING PLACE ( ALCOHOLIC BEVERAGES),2.159732748207017,2.344895998591037,2.561142570884205
Cleveland Road,DRINKING PLACE ( ALCOHOLIC BEVERAGES),1.0257121230935662,2.3207511330991024,4.9476339286525
Fowler Drive,DRINKING PLACE ( ALCOHOLIC BEVERAGES),1.2868079723969408,2.382789482004664,2.531522640950133
Gaines,DRINKING PLACE ( ALCOHOLIC BEVERAGES),1.0649749001341566,1.5407061852755723,1.5488100398780429
Howard B Stroud,DRINKING PLACE ( ALCOHOLIC BEVERAGES),1.1277213394233159,1.3173411500376369,1.338042494901263
Judia Jackson Harris,DRINKING PLACE ( ALCOHOLIC BEVERAGES),3.1544599921401124,4.476822011006552,4.56712804371464
Oglethorpe,DRINKING PLACE ( ALCOHOLIC BEVERAGES),1.7600205965077607,2.156432006946339,2.4359115620608427
Timothy Rd.,DRINKING PLACE ( ALCOHOLIC BEVERAGES),1.0945673542412186,2.3622118186367,2.873890350726261
Whit Davis,DRINKING PLACE ( ALCOHOLIC BEVERAGES),2.561562589726728,5.126022194220671,5.3261159659991115
Whitehead Rd.,DRINKING PLACE ( ALCOHOLIC BEVERAGES),2.5817369335589246,2.7125532752167887,2.881262202026576
Winterville,DRINKING PLACE ( ALCOHOLIC BEVERAGES),2.1201877871347827,4.4410223259093815,4.465385060705887
Alps Road,ELECTRICAL CONTRACTORS AND OTHER WIRING INSTALLATION CONTRACTORS,0.5014791482768797,0.7117019748331913,0.8743934381359671
Barnett Shoals,ELECTRICAL CONTRACTORS AND OTHER WIRING INSTALLATION CONTRACTORS,0.8368152476796694,1.4117957598572337,2.2120364123121488
Barrow,ELECTRICAL CONTRACTORS AND OTHER WIRING INSTALLATION CONTRACTORS,1.0136237985862617,1.219128583162573,1.2993226711415216
Chase Street,ELECTRICAL CONTRACTORS AND OTHER WIRING INSTALLATION CONTRACTORS,0.4204464309690373,0.6061208190816595,0.686191707780544
Choice Zone-East,ELECTRICAL CONTRACTORS AND OTHER WIRING INSTALLATION CONTRACTORS,1.321885027449039,1.9035215046134322,2.344196919496255
Choice Zone-West,ELECTRICAL CONTRACTORS AND OTHER WIRING INSTALLATION CONTRACTORS,0.8561480790788067,1.3295991429188987,1.7396945122664893
Cleveland Road,ELECTRICAL CONTRACTORS AND OTHER WIRING INSTALLATION CONTRACTORS,1.1196568918076555,1.180372382930372,1.2362356143908542
Fowler Drive,ELECTRICAL CONTRACTORS AND OTHER WIRING INSTALLATION CONTRACTORS,0.787775746610155,1.356669456686885,1.986981795657231
Gaines,ELECTRICAL CONTRACTORS AND OTHER WIRING INSTALLATION CONTRACTORS,0.7717032481544869,1.239207031487534,1.7085282998097782
Howard B Stroud,ELECTRICAL CONTRACTORS AND OTHER WIRING INSTALLATION CONTRACTORS,0.9453928883548891,1.1797211059345338,1.406727662704743
Judia Jackson Harris,ELECTRICAL CONTRACTORS AND OTHER WIRING INSTALLATION CONTRACTORS,2.630955311619835,3.0540130010917537,3.4163062067248404
Oglethorpe,ELECTRICAL CONTRACTORS AND OTHER WIRING INSTALLATION CONTRACTORS,0.8782888376543956,1.0963242376709557,1.471399046154152
Timothy Rd.,ELECTRICAL CONTRACTORS AND OTHER WIRING INSTALLATION CONTRACTORS,0.7778010111819352,1.0465389606060314,1.3375898528642811
Whit Davis,ELECTRICAL CONTRACTORS AND OTHER WIRING INSTALLATION CONTRACTORS,2.3050218537636424,2.9954740801264284,3.7579119354635924
Whitehead Rd.,ELECTRICAL CONTRACTORS AND OTHER WIRING INSTALLATION CONTRACTORS,0.957200155430585,1.6437557515463268,2.1568859586562383
Winterville,ELECTRICAL CONTRACTORS AND OTHER WIRING INSTALLATION CONTRACTORS,2.8779599294851126,3.260319732452931,3.6411625011162774
Alps Road,ELECTRONIC SHOPPING AND MAIL-ORDER HOUSES,0.2840003891709937,0.45527233295807445,0.581735767660869
Barnett Shoals,ELECTRONIC SHOPPING AND MAIL-ORDER HOUSES,0.42252693282521886,0.6393425381276543,0.9180415279896149
Barrow,ELECTRONIC SHOPPING AND MAIL-ORDER HOUSES,0.572947762343558,0.697030403642524,0.9123214935881669
Chase Street,ELECTRONIC SHOPPING AND MAIL-ORDER HOUSES,0.43401141928513887,0.5941419120278368,0.7108736212925257
Choice Zone-East,ELECTRONIC SHOPPING AND MAIL-ORDER HOUSES,0.4666713257248567,0.7494589419004559,0.9786412253292466
Choice Zone-West,ELECTRONIC SHOPPING AND MAIL-ORDER HOUSES,0.4458977526622555,0.7483654225348126,0.976708761307022
Cleveland Road,ELECTRONIC SHOPPING AND MAIL-ORDER HOUSES,0.6611375311058288,1.0294499220796194,1.213410285471444
Fowler Drive,ELECTRONIC SHOPPING AND MAIL-ORDER HOUSES,0.6758525061625796,1.0510022364868243,1.2491910791380554
Gaines,ELECTRONIC SHOPPING AND MAIL-ORDER HOUSES,0.47004396662333997,0.7731221231157116,0.914175459174562
Howard B Stroud,ELECTRONIC SHOPPING AND MAIL-ORDER HOUSES,0.4573295609995543,0.6332844826931081,0.7271094784333021
Judia Jackson Harris,ELECTRONIC SHOPPING AND MAIL-ORDER HOUSES,1.1847804206989672,1.6321677124816276,2.146469468588165
Oglethorpe,ELECTRONIC SHOPPING AND MAIL-ORDER HOUSES,0.5009425110244056,0.8420901919178221,0.9488223755985167
Timothy Rd.,ELECTRONIC SHOPPING AND MAIL-ORDER HOUSES,0.6149433975778813,0.8069396420200348,1.0108680256390654
Whit Davis,ELECTRONIC SHOPPING AND MAIL-ORDER HOUSES,0.6582528235522187,0.9232832532601545,1.1381098136875867
Whitehead Rd.,ELECTRONIC SHOPPING AND MAIL-ORDER HOUSES,0.40119666182220726,0.7595288215399947,0.9852433585196685
Winterville,ELECTRONIC SHOPPING AND MAIL-ORDER HOUSES,1.0405884649302115,1.4609061399056642,2.2806093986488407
Alps Road,FITNESS AND RECREATIONAL SPORTS CENTERS,0.27828444527554413,0.3945501934203906,0.5268030919756339
Barnett Shoals,FITNESS AND RECREATIONAL SPORTS CENTERS,0.7104298616998825,1.395968063426089,1.7272168675338422
Barrow,FITNESS AND RECREATIONAL SPORTS CENTERS,0.48220245491393743,0.6667000713903688,0.7745535026368398
Chase Street,FITNESS AND RECREATIONAL SPORTS CENTERS,0.34151694237210445,0.5162492105240837,0.647318723126504
Choice Zone-East,FITNESS AND RECREATIONAL SPORTS CENTERS,0.5513927930606155,0.8186270720453297,0.9823869362373152
Choice Zone-West,FITNESS AND RECREATIONAL SPORTS CENTERS,1.3077820640225541,1.7468747807444258,2.57151050030006
Cleveland Road,FITNESS AND RECREATIONAL SPORTS CENTERS,1.1050534921010697,1.3910520378440523,1.5178949799720771
Fowler Drive,FITNESS AND RECREATIONAL SPORTS CENTERS,1.2905261620723603,2.25821095768123,2.473938459790647
Gaines,FITNESS AND RECREATIONAL SPORTS CENTERS,0.5621165807420442,0.7616898145325535,0.9767182235503582
Howard B Stroud,FITNESS AND RECREATIONAL SPORTS CENTERS,0.9595777556012348,1.0322587360139768,1.1275083111369102
Judia Jackson Harris,FITNESS AND RECREATIONAL SPORTS CENTERS,2.220871627974726,4.3930788832209595,4.4695519610026135
Oglethorpe,FITNESS AND RECREATIONAL SPORTS CENTERS,1.152729643925142,1.534953095310437,1.6695366231795046
Timothy Rd.,FITNESS AND RECREATIONAL SPORTS CENTERS,0.5948648751311967,0.8445765511285698,0.9782661348029882
Whit Davis,FITNESS AND RECREATIONAL SPORTS CENTERS,1.1443595897382914,2.0483264042793476,2.4333952805626335
Whitehead Rd.,FITNESS AND RECREATIONAL SPORTS CENTERS,1.7296668085395182,2.0551388108193365,2.4723952709760217
Winterville,FITNESS AND RECREATIONAL SPORTS CENTERS,1.8505764024588156,2.1277836724742456,2.563998289849613
Alps Road,FULL-SERVICE RESTAURANTS,0.20014122968628686,0.2836759484276826,0.33280450666459105
Barnett Shoals,FULL-SERVICE RESTAURANTS,0.8137501456288346,0.9283453867148831,0.961580449753821
Barrow,FULL-SERVICE RESTAURANTS,0.3574172295933882,0.43956602106195625,0.4705382758377524
Chase Street,FULL-SERVICE RESTAURANTS,0.24216245359438693,0.3380206362964709,0.38373951728622024
Choice Zone-East,FULL-SERVICE RESTAURANTS,0.46659463474116764,0.6060462868726944,0.6256257560705337
Choice Zone-West,FULL-SERVICE RESTAURANTS,1.6301021245747969,1.7692243669595122,2.0480521594727508
Cleveland Road,FULL-SERVICE RESTAURANTS,0.6136816758243417,0.7281361331435621,0.9124619159304006
Fowler Drive,FULL-SERVICE RESTAURANTS,0.7849427946722692,1.2425285632086063,1.2692687497574797
Gaines,FULL-SERVICE RESTAURANTS,0.3607667802575556,0.5465979521743691,0.643128375437046
Howard B Stroud,FULL-SERVICE RESTAURANTS,0.734693532494066,0.87304539525524,0.9176476052012414
Judia Jackson Harris,FULL-SERVICE RESTAURANTS,0.9462462821251421,1.4918431283613813,1.6378190742807006
Oglethorpe,FULL-SERVICE RESTAURANTS,0.9062695965495156,0.9940975511929315,1.0308569380244723
Timothy Rd.,FULL-SERVICE RESTAURANTS,0.5917139118541632,0.6649925062599796,0.7611505598916235
Whit Davis,FULL-SERVICE RESTAURANTS,1.8865415489479649,1.972355021417451,2.007461021194373
Whitehead Rd.,FULL-SERVICE RESTAURANTS,1.4542147971056951,1.6051968612212582,1.6960157719058944
Winterville,FULL-SERVICE RESTAURANTS,1.5836370918702856,1.647265956089101,1.752560485314502
Alps Road,GRAPHIC DESIGN SERVICES,0.4504605747731126,0.5692015048927974,0.7913792409453907
Barnett Shoals,GRAPHIC DESIGN SERVICES,0.8237022746532762,1.2009694326416702,1.4837491754431105
Barrow,GRAPHIC DESIGN SERVICES,0.5597996217672094,0.8795834476977086,1.1130518644308744
Chase Street,GRAPHIC DESIGN SERVICES,0.416802539612425,0.6342636807041916,0.9111437876187374
Choice Zone-East,GRAPHIC DESIGN SERVICES,0.5676814638415846,0.6663606052872696,1.082630277745929
Choice Zone-West,GRAPHIC DESIGN SERVICES,0.7841783258978455,1.9458846134897205,2.3741521936686034
Cleveland Road,GRAPHIC DESIGN SERVICES,1.743575394389252,2.2916129711900064,3.161797103491919
Fowler Drive,GRAPHIC DESIGN SERVICES,1.654040943950038,2.2747452047513717,2.731226934559943
Gaines,GRAPHIC DESIGN SERVICES,1.1723184042517314,1.3341001278539029,1.4281598833992957
Howard B Stroud,GRAPHIC DESIGN SERVICES,1.2268213810932178,1.5776042094890494,2.01783209199787
Judia Jackson Harris,GRAPHIC DESIGN SERVICES,0.9506414232136965,4.221248444300156,4.516691170955111
Oglethorpe,GRAPHIC DESIGN SERVICES,0.8222893390441534,1.1535797788446696,1.483916086210451
Timothy Rd.,GRAPHIC DESIGN SERVICES,0.6259471615868186,1.044182841355678,1.4250243444632391
Whit Davis,GRAPHIC DESIGN SERVICES,1.1011759539299781,1.7594044793576165,2.220044941728214
Whitehead Rd.,GRAPHIC DESIGN SERVICES,1.0466287934872076,1.515120143362795,2.0270138567845057
Winterville,GRAPHIC DESIGN SERVICES,2.546155193943097,2.704899233504959,3.2614345236852236
Alps Road,"HAIR, NAIL, AND SKIN CARE SERVICES",0.1801795678638892,0.2172888297411009,0.26695778692003325
Barnett Shoals,"HAIR, NAIL, AND SKIN CARE SERVICES",0.6839874323351416,0.9066817706616631,1.1339709601763173
Barrow,"HAIR, NAIL, AND SKIN CARE SERVICES",0.372375398454058,0.4708092839986553,0.6149718475763687
Chase Street,"HAIR, NAIL, AND SKIN CARE SERVICES",0.20410882251461696,0.27296622894474126,0.31888867208145355
Choice Zone-East,"HAIR, NAIL, AND SKIN CARE SERVICES",0.46308531597380975,0.5700043931490777,0.6238501202202769
Choice Zone-West,"HAIR, NAIL, AND SKIN CARE SERVICES",0.8520222941673865,1.7466404051533049,1.746920598544592
Cleveland Road,"HAIR, NAIL, AND SKIN CARE SERVICES",0.7597497071691505,0.8263331411305799,1.1184783777321043
Fowler Drive,"HAIR, NAIL, AND SKIN CARE SERVICES",0.9755760108188899,1.3166375442096543,1.4261897888988169
Gaines,"HAIR, NAIL, AND SKIN CARE SERVICES",0.3896298680592713,0.5454717663687997,0.6315579002011854
Howard B Stroud,"HAIR, NAIL, AND SKIN CARE SERVICES",0.38210327888465234,0.694948249183549,0.7486694730355199
Judia Jackson Harris,"HAIR, NAIL, AND SKIN CARE SERVICES",0.7072012252031614,0.9373177538060914,1.051173345440521
Oglethorpe,"HAIR, NAIL, AND SKIN CARE SERVICES",1.0451794771281546,1.3419884991249675,1.3957455443775826
Timothy Rd.,"HAIR, NAIL, AND SKIN CARE SERVICES",0.6112907623559154,0.6975716828169406,0.7603169190103702
Whit Davis,"HAIR, NAIL, AND SKIN CARE SERVICES",1.0950212311943448,1.8654064715645078,2.001434403072311
Whitehead Rd.,"HAIR, NAIL, AND SKIN CARE SERVICES",1.7187937234428385,1.7972209285676735,1.8628383697507735
Winterville,"HAIR, NAIL, AND SKIN CARE SERVICES",0.9688565132055377,1.4858361446600734,1.5793342248723443
Alps Road,HOTELS (EXCEPT CASINO HOTELS) AND MOTELS,0.4398304449766075,0.5436320970021734,0.5938202466126705
Barnett Shoals,HOTELS (EXCEPT CASINO HOTELS) AND MOTELS,1.3759914643707831,2.449433500103452,3.1135603958970615
Barrow,HOTELS (EXCEPT CASINO HOTELS) AND MOTELS,0.5804151955136879,1.0733264673642382,1.1340060482234333
Chase Street,HOTELS (EXCEPT CASINO HOTELS) AND MOTELS,0.6679606249794572,0.7922776775690354,0.8382879322811605
Choice Zone-East,HOTELS (EXCEPT CASINO HOTELS) AND MOTELS,2.504118578322965,3.0636613711612437,3.349717853465351
Choice Zone-West,HOTELS (EXCEPT CASINO HOTELS) AND MOTELS,2.5908358893818253,3.17864307682303,3.2778568089421904
Cleveland Road,HOTELS (EXCEPT CASINO HOTELS) AND MOTELS,0.9729819887647042,1.2436771741937502,1.5505912517453813
Fowler Drive,HOTELS (EXCEPT CASINO HOTELS) AND MOTELS,1.5687216720158326,1.9731372842230097,2.6045202460632186
Gaines,HOTELS (EXCEPT CASINO HOTELS) AND MOTELS,1.3367471862093934,1.5036581728171357,1.5669470737887474
Howard B Stroud,HOTELS (EXCEPT CASINO HOTELS) AND MOTELS,0.7462166317219627,1.0928369308468586,1.1998681011724839
Judia Jackson Harris,HOTELS (EXCEPT CASINO HOTELS) AND MOTELS,3.554566128805092,3.708804429014873,4.4634007780944
Oglethorpe,HOTELS (EXCEPT CASINO HOTELS) AND MOTELS,1.4094726817191583,1.5476398950017072,1.7820120607527807
Timothy Rd.,HOTELS (EXCEPT CASINO HOTELS) AND MOTELS,0.9343802088889728,1.2470400096047165,1.5914542725050884
Whit Davis,HOTELS (EXCEPT CASINO HOTELS) AND MOTELS,1.8477328501182986,4.358247296970627,5.223555426746686
Whitehead Rd.,HOTELS (EXCEPT CASINO HOTELS) AND MOTELS,2.6840279224938755,2.7849224084986193,2.852250884538176
Winterville,HOTELS (EXCEPT CASINO HOTELS) AND MOTELS,3.8614857151814284,4.293248351884883,4.4359672394227445
Alps Road,"INDEPENDENT ARTISTS, WRITERS, AND PERFORMERS",0.45951161527196405,0.8448217577701396,1.0208079207195337
Barnett Shoals,"INDEPENDENT ARTISTS, WRITERS, AND PERFORMERS",1.0965657073950295,1.7390739513256586,2.0502275951582063
Barrow,"INDEPENDENT ARTISTS, WRITERS, AND PERFORMERS",0.5531503017018131,0.6960131864942645,0.9401595886682544
Chase Street,"INDEPENDENT ARTISTS, WRITERS, AND PERFORMERS",0.35397581101011105,0.5942039395347153,0.7156623864421235
Choice Zone-East,"INDEPENDENT ARTISTS, WRITERS, AND PERFORMERS",0.584782020940938,1.0742211499088612,1.6544942444626485
Choice Zone-West,"INDEPENDENT ARTISTS, WRITERS, AND PERFORMERS",0.7238909828563768,2.119849455171814,2.395201490049936
Cleveland Road,"INDEPENDENT ARTISTS, WRITERS, AND PERFORMERS",1.9316177309375242,2.5721630445668833,2.699915815331459
Fowler Drive,"INDEPENDENT ARTISTS, WRITERS, AND PERFORMERS",1.0054735047801187,1.5496397997662235,2.165077455363263
Gaines,"INDEPENDENT ARTISTS, WRITERS, AND PERFORMERS",0.511480988071794,0.9385508930862427,1.1292211748769783
Howard B Stroud,"INDEPENDENT ARTISTS, WRITERS, AND PERFORMERS",0.7831657334106795,0.9350274044644927,1.0501703115748937
Judia Jackson Harris,"INDEPENDENT ARTISTS, WRITERS, AND PERFORMERS",1.6880300883932524,3.1184326956686386,3.8181361692122655
Oglethorpe,"INDEPENDENT ARTISTS, WRITERS, AND PERFORMERS",0.6298858769777419,1.1367411924636823,1.6576895603896789
Timothy Rd.,"INDEPENDENT ARTISTS, WRITERS, AND PERFORMERS",0.5741462270542781,0.9649259076775686,1.167538111125914
Whit Davis,"INDEPENDENT ARTISTS, WRITERS, AND PERFORMERS",0.8861211205545807,1.3972115611132145,1.9905667648572025
Whitehead Rd.,"INDEPENDENT ARTISTS, WRITERS, AND PERFORMERS",1.4656538929716976,1.9017779801033718,2.187914330234243
Winterville,"INDEPENDENT ARTISTS, WRITERS, AND PERFORMERS",1.1485816288171073,2.2849099116146245,2.5169219049546108
Alps Road,INSURANCE AGENCIES AND BROKERAGE,0.27675187833771403,0.5044667721287048,0.6601087968433961
Barnett Shoals,INSURANCE AGENCIES AND BROKERAGE,0.8882308558877103,1.4481363103829248,1.8364245449676437
Barrow,INSURANCE AGENCIES AND BROKERAGE,0.5815308118192346,0.9968710741755461,1.1534300635251042
Chase Street,INSURANCE AGENCIES AND BROKERAGE,0.29904697753288834,0.4285437419392514,0.5699838167544765
Choice Zone-East,INSURANCE AGENCIES AND BROKERAGE,0.47829960382156744,0.6409475470963433,0.7125123709418482
Choice Zone-West,INSURANCE AGENCIES AND BROKERAGE,1.39991976286295,1.8723154272936378,2.1848214123041667
Cleveland Road,INSURANCE AGENCIES AND BROKERAGE,1.0120335007737227,1.5251702117338786,2.032346072157113
Fowler Drive,INSURANCE AGENCIES AND BROKERAGE,1.1369078205699827,1.5335677841600777,1.9508798180829894
Gaines,INSURANCE AGENCIES AND BROKERAGE,1.1091191152008242,1.204647541199571,1.3065648306819848
Howard B Stroud,INSURANCE AGENCIES AND BROKERAGE,1.1196279525347836,1.299358349954741,1.375396543781152
Judia Jackson Harris,INSURANCE AGENCIES AND BROKERAGE,1.735610601976056,1.825295607506086,3.16451526063212
Oglethorpe,INSURANCE AGENCIES AND BROKERAGE,1.25807098524608,1.3681639043506728,1.5588720673586278
Timothy Rd.,INSURANCE AGENCIES AND BROKERAGE,0.6452864901839436,0.8769137002264351,1.025314238067481
Whit Davis,INSURANCE AGENCIES AND BROKERAGE,1.9819274177551938,2.3057326001783864,2.4036572922605837
Whitehead Rd.,INSURANCE AGENCIES AND BROKERAGE,2.0850051309370663,2.2704485473410956,2.4166455925644534
Winterville,INSURANCE AGENCIES AND BROKERAGE,1.7144108341024227,2.0556804747429545,2.3349989590993414
Alps Road,INTERIOR DESIGN SERVICES,0.43285587049235447,0.6633084290701511,0.7697510834415124
Barnett Shoals,INTERIOR DESIGN SERVICES,1.3485613347300096,1.8530990135061727,2.4330671839890594
Barrow,INTERIOR DESIGN SERVICES,0.6731374270124781,0.8278805742695908,0.9815224944298865
Chase Street,INTERIOR DESIGN SERVICES,0.44917715514013,0.6738968489653643,0.8559061041441239
Choice Zone-East,INTERIOR DESIGN SERVICES,0.5305179041390319,1.0769014485615065,3.310714444497034
Choice Zone-West,INTERIOR DESIGN SERVICES,1.9980684559195716,2.6263805317890014,3.036794207102023
Cleveland Road,INTERIOR DESIGN SERVICES,0.8730067599795873,1.297491816141893,1.630675667209459
Fowler Drive,INTERIOR DESIGN SERVICES,1.998391780561751,2.649218160515192,2.9474612452993734
Gaines,INTERIOR DESIGN SERVICES,1.2969912988375911,1.4384925917879732,1.9773615072004092
Howard B Stroud,INTERIOR DESIGN SERVICES,1.1655384654868381,1.5333396763838965,1.9093191886392336
Judia Jackson Harris,INTERIOR DESIGN SERVICES,1.5696875889474133,4.523036510765358,4.796706105775058
Oglethorpe,INTERIOR DESIGN SERVICES,1.3507771583479995,1.524939013334959,1.970164573022671
Timothy Rd.,INTERIOR DESIGN SERVICES,0.8282995419945058,1.06786483751274,1.2931255326788533
Whit Davis,INTERIOR DESIGN SERVICES,1.7170412711410725,2.3091514848710637,3.2886197552893415
Whitehead Rd.,INTERIOR DESIGN SERVICES,1.740952696529362,2.281943393020886,3.0201547682119303
Winterville,INTERIOR DESIGN SERVICES,2.289305550524016,3.170602451035618,4.742616641190957
Alps Road,JANITORIAL SERVICES,0.3003569598967309,0.4057122029257191,0.6552483865811952
Barnett Shoals,JANITORIAL SERVICES,1.0417801263904207,1.3140714408673755,1.4949075258416706
Barrow,JANITORIAL SERVICES,0.6247895147314199,0.8794460505739298,1.0708382605384577
Chase Street,JANITORIAL SERVICES,0.31781020424631495,0.4657144686513537,0.579077691773334
Choice Zone-East,JANITORIAL SERVICES,0.5826501864857584,0.7773496499090893,0.9889717440581642
Choice Zone-West,JANITORIAL SERVICES,0.3118544940426004,0.5411670437284477,0.8632399292661955
Cleveland Road,JANITORIAL SERVICES,0.5265920117626242,0.7831506932821407,1.0481555396350681
Fowler Drive,JANITORIAL SERVICES,0.4919734044156517,0.7149319436105864,0.81114928856164
Gaines,JANITORIAL SERVICES,0.401965179034319,0.6178630068037616,0.7574979622232669
Howard B Stroud,JANITORIAL SERVICES,0.4619134661483944,0.6541246382313007,0.8181403925848902
Judia Jackson Harris,JANITORIAL SERVICES,0.6646583890594816,1.0112814282356994,1.258757038121246
Oglethorpe,JANITORIAL SERVICES,0.5847999047486068,1.0331945484440335,1.1817094625617017
Timothy Rd.,JANITORIAL SERVICES,0.49805704986331534,0.779637330680974,1.0750143663500482
Whit Davis,JANITORIAL SERVICES,0.7020811740546035,1.0540768389457005,1.3269294873466788
Whitehead Rd.,JANITORIAL SERVICES,0.5455164288120076,0.7716869554324578,0.9545962915748925
Winterville,JANITORIAL SERVICES,0.84307498248542,1.1801734055565039,1.455705767957263
Alps Road,LANDSCAPING SERVICES,0.5614833818035764,1.012800504369035,1.2355317077780275
Barnett Shoals,LANDSCAPING SERVICES,0.4303644205517965,0.7336262388940376,0.9739808344770448
Barrow,LANDSCAPING SERVICES,0.5119713368768308,0.7460854680253386,0.9127921476261985
Chase Street,LANDSCAPING SERVICES,0.4029498912800796,0.6248852639588074,0.7625962244512939
Choice Zone-East,LANDSCAPING SERVICES,0.35726225900686054,0.6174130066897312,0.7350216653789619
Choice Zone-West,LANDSCAPING SERVICES,0.57107754797657,0.8727613694476608,1.1346889098987794
Cleveland Road,LANDSCAPING SERVICES,0.41438519241589067,0.6686600238884671,0.8293677608461495
Fowler Drive,LANDSCAPING SERVICES,0.7817420448166225,1.0727441240976716,1.262787888261792
Gaines,LANDSCAPING SERVICES,0.5409036659272939,0.7522382898786308,0.8163811864740117
Howard B Stroud,LANDSCAPING SERVICES,0.7736005339726866,1.0717279255591998,1.2238588506046832
Judia Jackson Harris,LANDSCAPING SERVICES,0.44016642854724275,0.7827714160652279,1.128503695896619
Oglethorpe,LANDSCAPING SERVICES,0.6999525031672669,0.9014144751810144,1.2775395178921505
Timothy Rd.,LANDSCAPING SERVICES,0.7869249451350422,1.0581808549929483,1.381336135019297
Whit Davis,LANDSCAPING SERVICES,0.49443724701307545,0.8558652279569509,1.060849128364864
Whitehead Rd.,LANDSCAPING SERVICES,0.45663336526471604,0.8285386407596669,1.1080054087341713
Winterville,LANDSCAPING SERVICES,0.8324424114010843,1.1393041382464795,1.392231274530301
Alps Road,LIMITED-SERVICE EATING PLACE,0.34608205889516264,0.41540891315361705,0.4566195055690864
Barnett Shoals,LIMITED-SERVICE EATING PLACE,1.1015019734978444,1.1562061813600761,1.186790816966171
Barrow,LIMITED-SERVICE EATING PLACE,0.4886970292057201,0.5535951997618824,0.6116767999533989
Chase Street,LIMITED-SERVICE EATING PLACE,0.32776503167148024,0.39956871517308234,0.4609514187423164
Choice Zone-East,LIMITED-SERVICE EATING PLACE,0.5117521981667932,0.6093359996776218,0.7316554055318671
Choice Zone-West,LIMITED-SERVICE EATING PLACE,0.9781794346811674,0.9781794346811674,1.9442156805248205
Cleveland Road,LIMITED-SERVICE EATING PLACE,1.089443201781602,1.2328578985637704,1.306690691822477
Fowler Drive,LIMITED-SERVICE EATING PLACE,1.686863492256136,1.7188638023378844,1.7988578816081442
Gaines,LIMITED-SERVICE EATING PLACE,0.5327736204728055,0.819105691699105,0.8644522903481718
Howard B Stroud,LIMITED-SERVICE EATING PLACE,1.118000508797375,1.1707339720909613,1.2005359270321685
Judia Jackson Harris,LIMITED-SERVICE EATING PLACE,1.0107411185323574,1.5628271808800538,1.7858685383595245
Oglethorpe,LIMITED-SERVICE EATING PLACE,1.4496900238979966,1.5802098919214662,1.6179681483249067
Timothy Rd.,LIMITED-SERVICE EATING PLACE,0.7725218764669757,0.8829463527905379,0.9051890836791054
Whit Davis,LIMITED-SERVICE EATING PLACE,1.9518922376812762,1.9891601063976527,2.2537890493765644
Whitehead Rd.,LIMITED-SERVICE EATING PLACE,1.388449479896668,1.415976841416643,1.95185838465454
Winterville,LIMITED-SERVICE EATING PLACE,1.5529186040779335,1.678297151125242,1.9647641325440044
Alps Road,LOCAL GENERAL FREIGHT TRUCKING,0.596986340538338,0.7291572253634153,1.1752525065251263
Barnett Shoals,LOCAL GENERAL FREIGHT TRUCKING,2.1943365218941544,2.238989249036102,2.706933203165098
Barrow,LOCAL GENERAL FREIGHT TRUCKING,1.4922966537063298,1.6756878397916737,2.112676571458324
Chase Street,LOCAL GENERAL FREIGHT TRUCKING,0.7019208550516893,0.9799656789339014,1.1751572152675875
Choice Zone-East,LOCAL GENERAL FREIGHT TRUCKING,1.8951792480790755,2.1433591875216678,2.361962953194008
Choice Zone-West,LOCAL GENERAL FREIGHT TRUCKING,0.6258166590970936,0.8223181767805564,1.0573196543622136
Cleveland Road,LOCAL GENERAL FREIGHT TRUCKING,1.155564305330423,1.9320289313387649,2.373309391042038
Fowler Drive,LOCAL GENERAL FREIGHT TRUCKING,1.3960683289603402,1.8668884482842476,2.068648202631881
Gaines,LOCAL GENERAL FREIGHT TRUCKING,2.3970249204871594,2.6012873500008897,2.729468177003657
Howard B Stroud,LOCAL GENERAL FREIGHT TRUCKING,1.3240711959686042,2.405127641906348,2.7129983739173094
Judia Jackson Harris,LOCAL GENERAL FREIGHT TRUCKING,0.6633667556739248,1.0174562362132795,2.2637509400973124
Oglethorpe,LOCAL GENERAL FREIGHT TRUCKING,0.7200081378800627,1.066617803044385,1.353858001401772
Timothy Rd.,LOCAL GENERAL FREIGHT TRUCKING,0.8822573967284513,1.4918694519133,1.8166744561446984
Whit Davis,LOCAL GENERAL FREIGHT TRUCKING,1.088981429299371,1.3228781531381393,1.5470736872153494
Whitehead Rd.,LOCAL GENERAL FREIGHT TRUCKING,0.9302936757108193,1.3067544249397784,1.5889146223388753
Winterville,LOCAL GENERAL FREIGHT TRUCKING,1.0905119676268564,2.0432004672772197,3.605487217432002
Alps Road,LONG-DISTANCE GENERAL FREIGHT,0.7638782979055532,1.6430184983559788,2.254568644966376
Barnett Shoals,LONG-DISTANCE GENERAL FREIGHT,1.8311670945682084,2.7613827255998844,3.046304342377679
Barrow,LONG-DISTANCE GENERAL FREIGHT,1.0754911680491452,1.9847362800242723,2.2114647019926696
Chase Street,LONG-DISTANCE GENERAL FREIGHT,0.8430301544936656,1.6210922377817056,2.1514552465159285
Choice Zone-East,LONG-DISTANCE GENERAL FREIGHT,1.1824672064072717,2.1365439540936846,2.4921231766940672
Choice Zone-West,LONG-DISTANCE GENERAL FREIGHT,0.587895696759207,0.9765680287250551,1.1565424531132678
Cleveland Road,LONG-DISTANCE GENERAL FREIGHT,0.9645896179374314,1.423296392663256,2.0694313887950946
Fowler Drive,LONG-DISTANCE GENERAL FREIGHT,0.7495610636908727,1.0144791135302027,1.4262416789121746
Gaines,LONG-DISTANCE GENERAL FREIGHT,0.8746119090600034,1.1599018215865515,1.5206823454839868
Howard B Stroud,LONG-DISTANCE GENERAL FREIGHT,0.9256172225167139,1.2874390470123136,1.4899082182845307
Judia Jackson Harris,LONG-DISTANCE GENERAL FREIGHT,1.2255646422547466,2.153054701183494,2.417119899271677
Oglethorpe,LONG-DISTANCE GENERAL FREIGHT,1.0728445838013743,2.477242928780664,2.6430570165333913
Timothy Rd.,LONG-DISTANCE GENERAL FREIGHT,0.980666457725627,1.7419883801456773,2.264097601267027
Whit Davis,LONG-DISTANCE GENERAL FREIGHT,1.181127182550176,4.00495407238188,4.315852739361937
Whitehead Rd.,LONG-DISTANCE GENERAL FREIGHT,1.3827780387816409,2.1441561401866687,2.469684948490687
Winterville,LONG-DISTANCE GENERAL FREIGHT,1.5794419354676168,2.446127051369197,2.882159711251572
Alps Road,NEW AND USED CAR DEALERS,0.41228882046062004,0.5731600630205423,0.6982838945712733
Barnett Shoals,NEW AND USED CAR DEALERS,2.1041253442443275,2.3967354227641153,3.45156413293581
Barrow,NEW AND USED CAR DEALERS,1.2334503177900702,1.7221331827375763,1.8937940013435508
Chase Street,NEW AND USED CAR DEALERS,0.4584060182773361,0.6173138797682236,0.721125247601111
Choice Zone-East,NEW AND USED CAR DEALERS,0.9288322625514739,1.494899164786692,3.9223138956135526
Choice Zone-West,NEW AND USED CAR DEALERS,1.8999374102350806,1.9979722261416408,2.1624571552381062
Cleveland Road,NEW AND USED CAR DEALERS,0.7586172369796752,0.8651992240561125,0.8998548419216104
Fowler Drive,NEW AND USED CAR DEALERS,0.6488580324511577,0.71102469481638,1.0931162823892662
Gaines,NEW AND USED CAR DEALERS,1.006506888211319,1.412214437286579,2.275684524827448
Howard B Stroud,NEW AND USED CAR DEALERS,1.1533181825767373,1.2183073313931083,1.3685855588293323
Judia Jackson Harris,NEW AND USED CAR DEALERS,0.722323213521907,1.4073300112320186,2.2352647045690603
Oglethorpe,NEW AND USED CAR DEALERS,1.2638316444227264,1.3444951483865464,1.3890044537448016
Timothy Rd.,NEW AND USED CAR DEALERS,0.697098623354302,0.8309914633671965,0.906097692383085
Whit Davis,NEW AND USED CAR DEALERS,2.825828427169826,3.4875632984954454,5.745464991170687
Whitehead Rd.,NEW AND USED CAR DEALERS,2.3938448991310697,2.4836307414270045,2.5557192004033933
Winterville,NEW AND USED CAR DEALERS,2.0573650859820325,2.742978376098324,4.202705224991684
Alps Road,NON-PROFIT ORGANIZATION,0.3529274250797948,0.579372102505177,0.649300765010171
Barnett Shoals,NON-PROFIT ORGANIZATION,1.1332255608833979,1.518572003919339,1.8333489538462948
Barrow,NON-PROFIT ORGANIZATION,0.732093527147386,0.9980225568371734,1.1728385878487562
Chase Street,NON-PROFIT ORGANIZATION,0.2291452756395037,0.30451483356890957,0.37526415025239845
Choice Zone-East,NON-PROFIT ORGANIZATION,0.47846762947488036,0.7732231837101821,0.9139814367328651
Choice Zone-West,NON-PROFIT ORGANIZATION,0.8660219508868603,1.4988776526036418,1.8043913247844847
Cleveland Road,NON-PROFIT ORGANIZATION,1.095867263270024,1.2375088941510979,1.5291354363226213
Fowler Drive,NON-PROFIT ORGANIZATION,1.1871680945765022,2.063449280355215,2.234505892035493
Gaines,NON-PROFIT ORGANIZATION,0.855058637786044,0.974727988338153,1.292675423893047
Howard B Stroud,NON-PROFIT ORGANIZATION,0.6444331844113128,0.89666001149948,1.0874553121749984
Judia Jackson Harris,NON-PROFIT ORGANIZATION,2.9528964676337184,3.9408313115342897,4.1583797805748075
Oglethorpe,NON-PROFIT ORGANIZATION,0.6876984482643295,1.2560988646840083,1.4433347157865515
Timothy Rd.,NON-PROFIT ORGANIZATION,0.7619660151833729,1.1571578589925016,1.3663652854008381
Whit Davis,NON-PROFIT ORGANIZATION,1.3176918494391,2.332799181750289,2.4433519374754074
Whitehead Rd.,NON-PROFIT ORGANIZATION,0.6510085528732947,1.0116245871978842,1.688393343897184
Winterville,NON-PROFIT ORGANIZATION,2.0818498293375045,2.792170037576055,2.9556809643799977
Alps Road,OFFICE ADMINISTRATION SERVICES,0.9771338366427089,1.2105749565261734,1.4568973097946194
Barnett Shoals,OFFICE ADMINISTRATION SERVICES,0.9150049993648692,1.4225230332866312,1.5461498580884279
Barrow,OFFICE ADMINISTRATION SERVICES,0.5622822408608997,0.9068944740470367,1.1815498648020697
Chase Street,OFFICE ADMINISTRATION SERVICES,0.6966821256212873,1.0203525682903714,1.3068491190678349
Choice Zone-East,OFFICE ADMINISTRATION SERVICES,0.7445117166522294,0.7931865954789511,1.0095066480331243
Choice Zone-West,OFFICE ADMINISTRATION SERVICES,0.5589416756890773,0.8983019589829792,1.6194155078263852
Cleveland Road,OFFICE ADMINISTRATION SERVICES,3.8044613047844287,4.527999175255175,4.6731986005361765
Fowler Drive,OFFICE ADMINISTRATION SERVICES,1.5734298305035896,2.309378262150326,2.865207362764708
Gaines,OFFICE ADMINISTRATION SERVICES,0.6806067706631627,1.0223907139877586,1.5172767229567663
Howard B Stroud,OFFICE ADMINISTRATION SERVICES,0.9242232762864875,2.093140609072698,2.2300894680938246
Judia Jackson Harris,OFFICE ADMINISTRATION SERVICES,1.3370714149313754,4.16470884042057,4.5074265999710414
Oglethorpe,OFFICE ADMINISTRATION SERVICES,1.474061248788227,1.9463476282191061,2.4618585768161854
Timothy Rd.,OFFICE ADMINISTRATION SERVICES,2.6237753122249257,2.6817727398347158,2.836544027238778
Whit Davis,OFFICE ADMINISTRATION SERVICES,1.7115287761213434,2.335573218427984,2.448594219803629
Whitehead Rd.,OFFICE ADMINISTRATION SERVICES,0.8430700918846373,1.841552355255366,2.017531382675039
Winterville,OFFICE ADMINISTRATION SERVICES,2.2551161925920535,2.8301198008613127,2.991319722980844
Alps Road,OFFICE OF PHYSICIANS (EXCEPT MENTAL HEALTH SPECIALISTS),0.41967666740223836,0.4892260700676246,0.5243211529833833
Barnett Shoals,OFFICE OF PHYSICIANS (EXCEPT MENTAL HEALTH SPECIALISTS),1.071608941392878,1.325916778835026,1.4555406147279977
Barrow,OFFICE OF PHYSICIANS (EXCEPT MENTAL HEALTH SPECIALISTS),0.6753463357276576,1.0365292067482244,1.117462937052264
Chase Street,OFFICE OF PHYSICIANS (EXCEPT MENTAL HEALTH SPECIALISTS),0.2570960323267624,0.2882459650917336,0.2985002773851026
Choice Zone-East,OFFICE OF PHYSICIANS (EXCEPT MENTAL HEALTH SPECIALISTS),0.5374220914495803,0.6662090806264742,0.8116578093565355
Choice Zone-West,OFFICE OF PHYSICIANS (EXCEPT MENTAL HEALTH SPECIALISTS),0.7773467242590725,0.9631208350180509,0.9870864703099907
Cleveland Road,OFFICE OF PHYSICIANS (EXCEPT MENTAL HEALTH SPECIALISTS),1.1770230770327943,2.032966052619438,3.5338698355578835
Fowler Drive,OFFICE OF PHYSICIANS (EXCEPT MENTAL HEALTH SPECIALISTS),1.0953063754745211,1.6379159825590774,1.8524776113061796
Gaines,OFFICE OF PHYSICIANS (EXCEPT MENTAL HEALTH SPECIALISTS),0.4306793594539992,0.9837785615694732,1.1991066291368326
Howard B Stroud,OFFICE OF PHYSICIANS (EXCEPT MENTAL HEALTH SPECIALISTS),0.964548634418404,1.2570354348429102,1.5162133519012209
Judia Jackson Harris,OFFICE OF PHYSICIANS (EXCEPT MENTAL HEALTH SPECIALISTS),1.8282111231112572,1.8303079668198872,3.151393151942639
Oglethorpe,OFFICE OF PHYSICIANS (EXCEPT MENTAL HEALTH SPECIALISTS),0.9204075126321849,1.0063625809030836,1.0329733343598373
Timothy Rd.,OFFICE OF PHYSICIANS (EXCEPT MENTAL HEALTH SPECIALISTS),0.9926165878254052,1.431779740636385,1.8285901777890234
Whit Davis,OFFICE OF PHYSICIANS (EXCEPT MENTAL HEALTH SPECIALISTS),2.2268273178721447,2.4116083162222557,2.4836546280185323
Whitehead Rd.,OFFICE OF PHYSICIANS (EXCEPT MENTAL HEALTH SPECIALISTS),0.8707392320525054,1.3850813236990083,1.3874174381182194
Winterville,OFFICE OF PHYSICIANS (EXCEPT MENTAL HEALTH SPECIALISTS),1.938659219317377,2.202913287800317,2.511410601636693
Alps Road,OFFICES OF ALL OTHER MISCELLANEOUS HEALTH PRACTITIONERS,0.40726720145023826,0.5997978785579062,0.7057930623275203
Barnett Shoals,OFFICES OF ALL OTHER MISCELLANEOUS HEALTH PRACTITIONERS,1.471202696072592,2.6337399993163393,2.98704986929986
Barrow,OFFICES OF ALL OTHER MISCELLANEOUS HEALTH PRACTITIONERS,0.6250097418325797,1.0094138462934488,1.2060316346162332
Chase Street,OFFICES OF ALL OTHER MISCELLANEOUS HEALTH PRACTITIONERS,0.305858887383014,0.41567530201547526,0.5595719976037762
Choice Zone-East,OFFICES OF ALL OTHER MISCELLANEOUS HEALTH PRACTITIONERS,0.7931865954789511,3.195168448657832,3.48672335066864
Choice Zone-West,OFFICES OF ALL OTHER MISCELLANEOUS HEALTH PRACTITIONERS,1.0051834138134392,1.4982448312640384,1.951738952092998
Cleveland Road,OFFICES OF ALL OTHER MISCELLANEOUS HEALTH PRACTITIONERS,1.2509274180419026,1.503571215317344,3.5420475758906376
Fowler Drive,OFFICES OF ALL OTHER MISCELLANEOUS HEALTH PRACTITIONERS,1.7736161140401376,2.0515119698838835,2.5743384656690718
Gaines,OFFICES OF ALL OTHER MISCELLANEOUS HEALTH PRACTITIONERS,0.7071198951561766,1.8138121760483834,1.9406617515306444
Howard B Stroud,OFFICES OF ALL OTHER MISCELLANEOUS HEALTH PRACTITIONERS,0.9919780566860144,1.2773037747458822,1.5220489998951265
Judia Jackson Harris,OFFICES OF ALL OTHER MISCELLANEOUS HEALTH PRACTITIONERS,1.6699439659118445,2.099260725085981,4.475712005329487
Oglethorpe,OFFICES OF ALL OTHER MISCELLANEOUS HEALTH PRACTITIONERS,0.9777621384375196,1.048977796702859,1.378120992059121
Timothy Rd.,OFFICES OF ALL OTHER MISCELLANEOUS HEALTH PRACTITIONERS,1.192964560839618,1.38357214500551,1.8909823562522752
Whit Davis,OFFICES OF ALL OTHER MISCELLANEOUS HEALTH PRACTITIONERS,2.443415228437211,4.988149679087997,5.193361199399898
Whitehead Rd.,OFFICES OF ALL OTHER MISCELLANEOUS HEALTH PRACTITIONERS,1.4494245602224762,1.5744904434460298,1.798830812985636
Winterville,OFFICES OF ALL OTHER MISCELLANEOUS HEALTH PRACTITIONERS,2.3885636164992214,3.3361414073050493,3.936679378347317
Alps Road,OFFICES OF DENTISTS,0.7555981477448259,0.8782192431150492,0.9580069661008489
Barnett Shoals,OFFICES OF DENTISTS,1.2692656808293474,1.4832089200767014,2.4738845245752903
Barrow,OFFICES OF DENTISTS,0.6449532183516486,0.8205951710886572,1.0253655717499284
Chase Street,OFFICES OF DENTISTS,0.3680699933649386,0.41443144714761065,0.43873345855836515
Choice Zone-East,OFFICES OF DENTISTS,0.675454423408328,0.9616097147841681,2.7417679385236706
Choice Zone-West,OFFICES OF DENTISTS,0.9767365877084618,1.3600133459377668,1.6078763058850554
Cleveland Road,OFFICES OF DENTISTS,1.182972829693812,2.000704234332273,2.1089295173816924
Fowler Drive,OFFICES OF DENTISTS,1.5192467967409538,1.945871148100118,2.5002114141634793
Gaines,OFFICES OF DENTISTS,0.5744780902648544,1.4591480717001057,1.8425014048861859
Howard B Stroud,OFFICES OF DENTISTS,1.3906417945737737,1.62074174984711,1.6733244763127977
Judia Jackson Harris,OFFICES OF DENTISTS,1.2874606997222742,1.7509199939906022,4.180406778722648
Oglethorpe,OFFICES OF DENTISTS,0.9930340203126721,1.095686049132041,1.4279012311934651
Timothy Rd.,OFFICES OF DENTISTS,1.0017518705066109,1.1270503997831753,1.5591645220858406
Whit Davis,OFFICES OF DENTISTS,2.0274024533050383,2.4390794292623896,4.66523036706937
Whitehead Rd.,OFFICES OF DENTISTS,1.367536062439461,1.5614968105898301,1.7181278601381524
Winterville,OFFICES OF DENTISTS,2.521923543490468,2.7535638872279753,3.7494638026220484
Alps Road,OFFICES OF LAWYERS,0.37099180742248794,0.5083960641344928,0.8098636091972748
Barnett Shoals,OFFICES OF LAWYERS,0.8605303733591141,1.1384434774410848,1.2713297964177328
Barrow,OFFICES OF LAWYERS,0.47809663546429676,0.6330403434398811,0.668242118350535
Chase Street,OFFICES OF LAWYERS,0.31792919326994434,0.3841973169825143,0.4063343613133612
Choice Zone-East,OFFICES OF LAWYERS,0.7566302445721429,1.07768674871763,1.141344420403874
Choice Zone-West,OFFICES OF LAWYERS,2.2039896223596647,2.2039896223596647,2.2604351572825108
Cleveland Road,OFFICES OF LAWYERS,0.9946646615022081,1.4005926142326386,1.7629645702712977
Fowler Drive,OFFICES OF LAWYERS,2.483912616188519,2.652736835095527,2.699319448305824
Gaines,OFFICES OF LAWYERS,0.4585052153485329,0.7280939267107366,0.8229088477967912
Howard B Stroud,OFFICES OF LAWYERS,0.984219125186848,1.1963628457823103,1.2476716701729473
Judia Jackson Harris,OFFICES OF LAWYERS,4.298751496264453,4.549136871936019,4.627152306224172
Oglethorpe,OFFICES OF LAWYERS,1.1477652211021354,1.4309286287301273,1.6168939525993387
Timothy Rd.,OFFICES OF LAWYERS,0.5043704261930705,0.9012401404011616,1.1453587648843913
Whit Davis,OFFICES OF LAWYERS,0.904059120645731,1.4376476909455835,2.5858717852790507
Whitehead Rd.,OFFICES OF LAWYERS,2.1480232776557546,2.23508663752727,2.310980926347637
Winterville,OFFICES OF LAWYERS,2.7284102853943777,3.0688947178585644,3.2287926716360418
Alps Road,OFFICES OF MENTAL HEALTH PRACTITIONERS (EXCEPT PHYSICIANS),0.707501486986181,0.8755292395074422,0.9266180228501419
Barnett Shoals,OFFICES OF MENTAL HEALTH PRACTITIONERS (EXCEPT PHYSICIANS),0.569239501178747,0.7706966121120281,1.0905663323930224
Barrow,OFFICES OF MENTAL HEALTH PRACTITIONERS (EXCEPT PHYSICIANS),0.4441213976000427,0.5437671819529101,0.63215072540245
Chase Street,OFFICES OF MENTAL HEALTH PRACTITIONERS (EXCEPT PHYSICIANS),0.2940252748207257,0.4005539536760259,0.4711207439520043
Choice Zone-East,OFFICES OF MENTAL HEALTH PRACTITIONERS (EXCEPT PHYSICIANS),0.7457076405348485,0.793375809967681,0.8042160711153209
Choice Zone-West,OFFICES OF MENTAL HEALTH PRACTITIONERS (EXCEPT PHYSICIANS),1.2733126914484312,1.979706859525841,2.0783431506880445
Cleveland Road,OFFICES OF MENTAL HEALTH PRACTITIONERS (EXCEPT PHYSICIANS),1.0825811775864125,1.1781731289195279,1.1792366621591117
Fowler Drive,OFFICES OF MENTAL HEALTH PRACTITIONERS (EXCEPT PHYSICIANS),1.1627915370793622,1.8001555284741464,2.5252670292179475
Gaines,OFFICES OF MENTAL HEALTH PRACTITIONERS (EXCEPT PHYSICIANS),0.6874651162763965,0.6938482951779188,1.1186966311972253
Howard B Stroud,OFFICES OF MENTAL HEALTH PRACTITIONERS (EXCEPT PHYSICIANS),1.1319714729494057,1.1326204569287621,1.3985442896783598
Judia Jackson Harris,OFFICES OF MENTAL HEALTH PRACTITIONERS (EXCEPT PHYSICIANS),1.425329400280033,1.9866258320457866,4.512038742825247
Oglethorpe,OFFICES OF MENTAL HEALTH PRACTITIONERS (EXCEPT PHYSICIANS),0.8986075555671663,1.3453821109071533,1.476029832523262
Timothy Rd.,OFFICES OF MENTAL HEALTH PRACTITIONERS (EXCEPT PHYSICIANS),1.2080484314011561,1.3142828784448921,1.3258931243440242
Whit Davis,OFFICES OF MENTAL HEALTH PRACTITIONERS (EXCEPT PHYSICIANS),1.0119467604537677,1.93527637943585,2.3377126656654537
Whitehead Rd.,OFFICES OF MENTAL HEALTH PRACTITIONERS (EXCEPT PHYSICIANS),1.2343061783852085,1.6712539128318107,1.805362519357012
Winterville,OFFICES OF MENTAL HEALTH PRACTITIONERS (EXCEPT PHYSICIANS),2.633867277809271,2.796735928003233,2.9060470150947864
Alps Road,OFFICES OF REAL ESTATE AGENTS,0.21848014632103588,0.32857574587396954,0.40759357185162526
Barnett Shoals,OFFICES OF REAL ESTATE AGENTS,0.8030240424456762,1.2849956408352405,1.675095406996968
Barrow,OFFICES OF REAL ESTATE AGENTS,0.4835495478978544,0.5929427048589033,0.7137652691525034
Chase Street,OFFICES OF REAL ESTATE AGENTS,0.30377835508746354,0.3933245742291123,0.4402599377531444
Choice Zone-East,OFFICES OF REAL ESTATE AGENTS,0.5620540300823723,1.0409170914458024,1.7304605408991696
Choice Zone-West,OFFICES OF REAL ESTATE AGENTS,1.488076770910536,1.9417527497569642,2.1465783830139555
Cleveland Road,OFFICES OF REAL ESTATE AGENTS,1.4677914275942008,1.8838472793372656,2.0429526751310028
Fowler Drive,OFFICES OF REAL ESTATE AGENTS,2.7504228939236706,2.786118589733807,2.8577698087254095
Gaines,OFFICES OF REAL ESTATE AGENTS,0.7392593766150584,0.9734645391494349,1.4122889579210351
Howard B Stroud,OFFICES OF REAL ESTATE AGENTS,1.2479924257879393,1.304036987035282,1.4698728852333756
Judia Jackson Harris,OFFICES OF REAL ESTATE AGENTS,4.717484816003703,4.720079636358185,4.842777487674543
Oglethorpe,OFFICES OF REAL ESTATE AGENTS,1.1493474565675725,1.4293251094343313,1.5073870947218317
Timothy Rd.,OFFICES OF REAL ESTATE AGENTS,0.5596244076004733,0.8080538871135232,0.9548962319124698
Whit Davis,OFFICES OF REAL ESTATE AGENTS,1.3054946241665337,1.6491993964308178,2.2529730754936814
Whitehead Rd.,OFFICES OF REAL ESTATE AGENTS,1.2131284865610183,1.8629131801312278,2.113316598125061
Winterville,OFFICES OF REAL ESTATE AGENTS,1.9271140472824748,2.736545199914137,3.739107637668791
Alps Road,OTHER BUSINESS SUPPORT SERVICES,0.8475072022232455,1.110750004861163,1.344867545667482
Barnett Shoals,OTHER BUSINESS SUPPORT SERVICES,2.6479704785879687,2.9251035855482246,3.2306133608743948
Barrow,OTHER BUSINESS SUPPORT SERVICES,0.75196767365415,1.0777482057177115,1.6354586278425858
Chase Street,OTHER BUSINESS SUPPORT SERVICES,0.3956701902232509,0.6667599798565493,0.9555900740034117
Choice Zone-East,OTHER BUSINESS SUPPORT SERVICES,1.811617030560953,3.149509218512008,3.4671797879084765
Choice Zone-West,OTHER BUSINESS SUPPORT SERVICES,1.5599485149549686,2.1405040460883926,2.342593796060601
Cleveland Road,OTHER BUSINESS SUPPORT SERVICES,0.9811488116006717,1.2400313821143705,1.9829569685219304
Fowler Drive,OTHER BUSINESS SUPPORT SERVICES,2.0472100258344024,2.413234697607713,2.5271364217748484
Gaines,OTHER BUSINESS SUPPORT SERVICES,1.254947737246356,1.8847217855821703,2.0793976581420535
Howard B Stroud,OTHER BUSINESS SUPPORT SERVICES,0.8927736829908091,1.1243969116739565,1.5625803592932315
Judia Jackson Harris,OTHER BUSINESS SUPPORT SERVICES,3.0649910056737837,4.115168792709586,4.465988150665528
Oglethorpe,OTHER BUSINESS SUPPORT SERVICES,0.9657133841992018,1.3273571004577844,1.645051123194335
Timothy Rd.,OTHER BUSINESS SUPPORT SERVICES,1.0376829572017172,1.581436605659813,1.8893899380328312
Whit Davis,OTHER BUSINESS SUPPORT SERVICES,3.6639232805168795,4.923968729267899,5.322923154196581
Whitehead Rd.,OTHER BUSINESS SUPPORT SERVICES,1.1987358753106248,2.0544405977619253,2.2651208941250185
Winterville,OTHER BUSINESS SUPPORT SERVICES,1.9258223282831906,2.695668150632006,4.497631569991953
Alps Road,OTHER CLOTHING STORES,0.586151039854372,1.3599221793681675,1.5842360801769895
Barnett Shoals,OTHER CLOTHING STORES,1.3417485152243322,2.7406013102803186,3.2624372646477395
Barrow,OTHER CLOTHING STORES,0.728075020432133,1.2238653925020437,1.302558383010487
Chase Street,OTHER CLOTHING STORES,0.5804219641904549,0.8580606987208561,1.1215053081810007
Choice Zone-East,OTHER CLOTHING STORES,1.004706989044695,3.456383715294163,3.5377123352445525
Choice Zone-West,OTHER CLOTHING STORES,2.728829895771596,2.908583335932745,3.2647316160579942
Cleveland Road,OTHER CLOTHING STORES,1.287784451898058,1.3996192496188111,1.743098251580273
Fowler Drive,OTHER CLOTHING STORES,0.9199472067915,1.2499574383810081,1.696685665956966
Gaines,OTHER CLOTHING STORES,0.9125629195529886,1.6567370057690944,1.6998906660935271
Howard B Stroud,OTHER CLOTHING STORES,0.8413998527484158,1.0065505499973,1.3150976990443561
Judia Jackson Harris,OTHER CLOTHING STORES,1.4982884448057763,1.7878040886028919,3.084398458138938
Oglethorpe,OTHER CLOTHING STORES,1.4714642654563568,2.059703939509611,2.2028008324632995
Timothy Rd.,OTHER CLOTHING STORES,0.8878477451082882,1.2057509212386035,1.4765405137621255
Whit Davis,OTHER CLOTHING STORES,2.524239266170503,5.183878133252264,5.42172847242757
Whitehead Rd.,OTHER CLOTHING STORES,2.7103969355748796,2.939698345392714,3.0334366976851457
Winterville,OTHER CLOTHING STORES,2.945344823166049,4.060390685494771,4.207931946724957
Alps Road,OTHER DIRECT SELLING ESTABLISHMENTS,0.7837490438190179,0.9859044763306973,1.2501320309306767
Barnett Shoals,OTHER DIRECT SELLING ESTABLISHMENTS,1.104867697536231,1.2951078000652658,1.593765435161952
Barrow,OTHER DIRECT SELLING ESTABLISHMENTS,0.4730583786472005,0.7026871649530885,0.8125350957604819
Chase Street,OTHER DIRECT SELLING ESTABLISHMENTS,0.38827638329745146,0.6607473708995448,0.8654327228134968
Choice Zone-East,OTHER DIRECT SELLING ESTABLISHMENTS,0.5388168141729399,0.6764182705498449,0.8984544270239408
Choice Zone-West,OTHER DIRECT SELLING ESTABLISHMENTS,0.8262887076471033,0.9285651438794856,1.2123708684258605
Cleveland Road,OTHER DIRECT SELLING ESTABLISHMENTS,0.931497979973415,1.1129069675375187,1.277116096069279
Fowler Drive,OTHER DIRECT SELLING ESTABLISHMENTS,0.8343752653812393,1.1073246340240621,1.4505137932647905
Gaines,OTHER DIRECT SELLING ESTABLISHMENTS,0.8974490570301609,0.9452735072759295,1.1076347269991103
Howard B Stroud,OTHER DIRECT SELLING ESTABLISHMENTS,0.5616854414228566,0.7529677483427517,0.9855973151185824
Judia Jackson Harris,OTHER DIRECT SELLING ESTABLISHMENTS,0.5258209045222316,1.0180406298252984,1.3424680928527988
Oglethorpe,OTHER DIRECT SELLING ESTABLISHMENTS,0.9692635242237094,1.2340798189831517,1.3635089736850599
Timothy Rd.,OTHER DIRECT SELLING ESTABLISHMENTS,0.7396828124909853,1.0663640227892803,1.5205655060573395
Whit Davis,OTHER DIRECT SELLING ESTABLISHMENTS,1.1276126760242966,1.6385349323626452,2.2005765702266626
Whitehead Rd.,OTHER DIRECT SELLING ESTABLISHMENTS,0.635408825313282,0.8211450128014711,1.0462978047349238
Winterville,OTHER DIRECT SELLING ESTABLISHMENTS,1.1763722780701826,2.0292079844737736,2.3577052289460942
Alps Road,OTHER HEALTH AND PERSONAL CARE SERVICES,0.31126430841424396,0.417855820801505,0.5111538794130511
Barnett Shoals,OTHER HEALTH AND PERSONAL CARE SERVICES,0.9505436861332672,1.257432193977624,1.3781339669352137
Barrow,OTHER HEALTH AND PERSONAL CARE SERVICES,0.5676461244902735,0.7567832733227279,0.9650909708607232
Chase Street,OTHER HEALTH AND PERSONAL CARE SERVICES,0.26183516085149866,0.38219198986479175,0.47263193949509524
Choice Zone-East,OTHER HEALTH AND PERSONAL CARE SERVICES,0.5156791275036094,0.6042039523788104,0.7286232443479286
Choice Zone-West,OTHER HEALTH AND PERSONAL CARE SERVICES,1.520656825993761,1.7095464172141381,1.9256931639051245
Cleveland Road,OTHER HEALTH AND PERSONAL CARE SERVICES,0.988322962720352,1.2666151997537294,1.290694637925474
Fowler Drive,OTHER HEALTH AND PERSONAL CARE SERVICES,2.3509402423854033,2.7207712558893338,2.827324346026813
Gaines,OTHER HEALTH AND PERSONAL CARE SERVICES,0.4541189004373665,0.9390854415056257,1.1362178425802942
Howard B Stroud,OTHER HEALTH AND PERSONAL CARE SERVICES,0.9825372140376596,1.2301483605208456,1.359262573841093
Judia Jackson Harris,OTHER HEALTH AND PERSONAL CARE SERVICES,4.354161960771263,4.626244391055287,4.7706240649191
Oglethorpe,OTHER HEALTH AND PERSONAL CARE SERVICES,0.8302987866926373,0.9184816145573813,1.201992711636016
Timothy Rd.,OTHER HEALTH AND PERSONAL CARE SERVICES,0.651330244995188,1.0231816702282461,1.1069823205491554
Whit Davis,OTHER HEALTH AND PERSONAL CARE SERVICES,1.1746387999842047,1.6577650236019599,2.159234321914657
Whitehead Rd.,OTHER HEALTH AND PERSONAL CARE SERVICES,0.5672361045472183,0.9912130140908438,1.2302888601413369
Winterville,OTHER HEALTH AND PERSONAL CARE SERVICES,1.9415956902065101,2.205092415331596,2.3864986067352136
Alps Road,OTHER PERSONAL CARE SERVICES,0.381883656109215,0.4989740560711643,0.5845503709287173
Barnett Shoals,OTHER PERSONAL CARE SERVICES,0.9732618262029425,1.424588462163008,1.9083795346731078
Barrow,OTHER PERSONAL CARE SERVICES,0.9008444812946679,1.1425582110311834,1.3644848062405857
Chase Street,OTHER PERSONAL CARE SERVICES,0.31963469120764804,0.4665086020943068,0.543666935204792
Choice Zone-East,OTHER PERSONAL CARE SERVICES,0.5947287457299896,0.7660198288900222,1.087057834178585
Choice Zone-West,OTHER PERSONAL CARE SERVICES,0.665420404696431,2.346870228964868,2.363763345001682
Cleveland Road,OTHER PERSONAL CARE SERVICES,1.2958886714577784,1.4796733197951175,1.7202466752170544
Fowler Drive,OTHER PERSONAL CARE SERVICES,2.1482808286399684,2.442357474587906,2.4656634261554786
Gaines,OTHER PERSONAL CARE SERVICES,0.609291594382452,0.9549604064640653,1.4251207702133486
Howard B Stroud,OTHER PERSONAL CARE SERVICES,1.0970177147236115,1.255481941093676,1.4284961278396318
Judia Jackson Harris,OTHER PERSONAL CARE SERVICES,4.393495489681213,4.516986876723905,4.540978546804095
Oglethorpe,OTHER PERSONAL CARE SERVICES,1.3431376047828407,1.5338571211607996,1.778764386837202
Timothy Rd.,OTHER PERSONAL CARE SERVICES,0.6387552045217957,0.8892713954532135,1.179639552529174
Whit Davis,OTHER PERSONAL CARE SERVICES,2.241471842638243,2.403237433562203,2.597543347280491
Whitehead Rd.,OTHER PERSONAL CARE SERVICES,1.9929579365303136,2.411230068626785,2.504354620919717
Winterville,OTHER PERSONAL CARE SERVICES,2.1369883888583416,2.5055479968762864,3.2144936790429055
Alps Road,OTHER SERVICES TO BUILDING AND DWELLINGS,0.5766887982297758,0.9860940617734599,1.2807437623924884
Barnett Shoals,OTHER SERVICES TO BUILDING AND DWELLINGS,1.0484772500281303,1.9517375724517743,2.265764604161041
Barrow,OTHER SERVICES TO BUILDING AND DWELLINGS,0.699175036451756,1.2622425623243223,1.4373736619695054
Chase Street,OTHER SERVICES TO BUILDING AND DWELLINGS,0.6409911280821551,1.1394314251508766,1.470288758259293
Choice Zone-East,OTHER SERVICES TO BUILDING AND DWELLINGS,0.9237024664869542,1.5365979742953015,2.091916708891256
Choice Zone-West,OTHER SERVICES TO BUILDING AND DWELLINGS,0.6435167835092623,1.7178831042863902,2.521126557927102
Cleveland Road,OTHER SERVICES TO BUILDING AND DWELLINGS,0.6909518160534808,1.0041122331516923,1.7356486869386853
Fowler Drive,OTHER SERVICES TO BUILDING AND DWELLINGS,0.696980411625329,1.3551030776213493,1.6225705984693757
Gaines,OTHER SERVICES TO BUILDING AND DWELLINGS,0.6977609134641999,0.9036266374536905,1.089037588902708
Howard B Stroud,OTHER SERVICES TO BUILDING AND DWELLINGS,1.1984284862858026,1.3839277795698095,1.5302747132567363
Judia Jackson Harris,OTHER SERVICES TO BUILDING AND DWELLINGS,0.696846224480746,0.971348297095013,1.4351527617282718
Oglethorpe,OTHER SERVICES TO BUILDING AND DWELLINGS,0.5888355574036992,1.041491267527713,1.4060930058913927
Timothy Rd.,OTHER SERVICES TO BUILDING AND DWELLINGS,0.7388128643287245,1.1944402496692654,1.4064384463080273
Whit Davis,OTHER SERVICES TO BUILDING AND DWELLINGS,1.4239136473117158,2.3276189380007555,3.9173440476976107
Whitehead Rd.,OTHER SERVICES TO BUILDING AND DWELLINGS,0.9709730972006488,1.4137525007851925,1.9643893782406032
Winterville,OTHER SERVICES TO BUILDING AND DWELLINGS,1.7674529674960207,2.9662497092304445,3.306196609595473
Alps Road,OTHER SPECIALIZED SERVICES,0.18642409399301058,0.2699324002201694,0.30157013106964525
Barnett Shoals,OTHER SPECIALIZED SERVICES,0.3550320562795133,0.5433235581040018,0.6277939089038065
Barrow,OTHER SPECIALIZED SERVICES,0.3121060395828498,0.404596195819756,0.4664867023311286
Chase Street,OTHER SPECIALIZED SERVICES,0.1518026684648338,0.2287908144056103,0.2737288733034301
Choice Zone-East,OTHER SPECIALIZED SERVICES,0.24178398366217452,0.3673574881001033,0.4865732445555346
Choice Zone-West,OTHER SPECIALIZED SERVICES,0.3079087816133095,0.5447625249176152,0.6955685584809691
Cleveland Road,OTHER SPECIALIZED SERVICES,0.420560132184275,0.7763574060067752,0.8841321258467572
Fowler Drive,OTHER SPECIALIZED SERVICES,0.39171851125750745,0.5080578049600903,0.838625862399583
Gaines,OTHER SPECIALIZED SERVICES,0.25509415421996734,0.35290463719406956,0.4605757554632925
Howard B Stroud,OTHER SPECIALIZED SERVICES,0.3754323976123136,0.5173014901648775,0.652577470211519
Judia Jackson Harris,OTHER SPECIALIZED SERVICES,0.8283325931295367,1.447505465320169,1.6199160779783832
Oglethorpe,OTHER SPECIALIZED SERVICES,0.4522211188524056,0.6373132737092652,0.7959643002139368
Timothy Rd.,OTHER SPECIALIZED SERVICES,0.2915190742752702,0.493019245550351,0.5821995701177778
Whit Davis,OTHER SPECIALIZED SERVICES,0.5201228396574412,0.8334339698120373,0.9036988025535755
Whitehead Rd.,OTHER SPECIALIZED SERVICES,0.2995126879866474,0.44892689108547584,0.628406168002239
Winterville,OTHER SPECIALIZED SERVICES,0.748031741594508,1.1151018838546225,1.5176267254342883
Alps Road,PHARMACIES AND DRUG RETAILERS,0.4069672227986943,0.6076309147180461,0.7653992291039728
Barnett Shoals,PHARMACIES AND DRUG RETAILERS,1.3192906606530717,2.0506739924541293,2.1868326869607855
Barrow,PHARMACIES AND DRUG RETAILERS,0.6811770277650968,0.7461742568770723,1.2267988265913714
Chase Street,PHARMACIES AND DRUG RETAILERS,0.399071996407003,0.5224521853281414,0.7002067971015928
Choice Zone-East,PHARMACIES AND DRUG RETAILERS,0.6636923544196657,0.8213966246426677,1.1360948769758255
Choice Zone-West,PHARMACIES AND DRUG RETAILERS,1.746920598544592,2.013079022027377,2.021200370260979
Cleveland Road,PHARMACIES AND DRUG RETAILERS,1.9023409816760555,2.5151938723890885,3.2607697096312163
Fowler Drive,PHARMACIES AND DRUG RETAILERS,1.7113229247617026,1.7744499513564387,2.7941499697281045
Gaines,PHARMACIES AND DRUG RETAILERS,0.9432187625346173,1.1560513023527053,1.3738873125387672
Howard B Stroud,PHARMACIES AND DRUG RETAILERS,0.6929916783112948,0.801772997103976,1.34938019633906
Judia Jackson Harris,PHARMACIES AND DRUG RETAILERS,3.422993146144253,3.4716534371243966,4.785994762454397
Oglethorpe,PHARMACIES AND DRUG RETAILERS,0.9023958051673112,1.4524451035540402,1.5301625089903217
Timothy Rd.,PHARMACIES AND DRUG RETAILERS,0.7729264113095602,1.1733584990469788,1.716507588223474
Whit Davis,PHARMACIES AND DRUG RETAILERS,2.3168857741741795,2.526844472276732,2.7425649584157235
Whitehead Rd.,PHARMACIES AND DRUG RETAILERS,1.6003153003599733,1.8442828477180115,1.8785897956342248
Winterville,PHARMACIES AND DRUG RETAILERS,2.032926627007749,2.1201244385069375,3.119460405577174
Alps Road,PHOTOGRAPHIC SERVICES,0.5046634035976783,0.8083855637154255,1.1089393143885649
Barnett Shoals,PHOTOGRAPHIC SERVICES,0.8596498521569936,1.1769718533712612,1.5137863873045063
Barrow,PHOTOGRAPHIC SERVICES,0.6909708567938434,1.0165356457039942,1.168198553145224
Chase Street,PHOTOGRAPHIC SERVICES,0.3935749454382156,0.6099720669607099,0.7712394105441671
Choice Zone-East,PHOTOGRAPHIC SERVICES,0.9089439003925437,1.3976023513546383,1.5947017137437933
Choice Zone-West,PHOTOGRAPHIC SERVICES,1.702658516692777,2.016670121605646,2.414419818139677
Cleveland Road,PHOTOGRAPHIC SERVICES,1.3126822218865069,1.3236262012381346,1.9009224621902032
Fowler Drive,PHOTOGRAPHIC SERVICES,2.3833509343807986,2.515003157912489,2.6851495269868226
Gaines,PHOTOGRAPHIC SERVICES,0.5163683185172387,0.6504969355083828,1.0484134938597032
Howard B Stroud,PHOTOGRAPHIC SERVICES,0.9739246154875216,1.2292474547506624,1.380103147870137
Judia Jackson Harris,PHOTOGRAPHIC SERVICES,3.5462271318248266,4.204691658624112,4.329762374749341
Oglethorpe,PHOTOGRAPHIC SERVICES,1.4024196419761419,1.5999280492977253,1.796439144130009
Timothy Rd.,PHOTOGRAPHIC SERVICES,0.8263574775599587,1.3435889269990873,1.5861497993132148
Whit Davis,PHOTOGRAPHIC SERVICES,0.7559771518504366,1.0229871565370021,1.2828461853168467
Whitehead Rd.,PHOTOGRAPHIC SERVICES,1.5474387911404124,2.086219228331197,2.573099954085968
Winterville,PHOTOGRAPHIC SERVICES,1.752815480965215,2.6749482410467964,3.0070347675037152
Alps Road,"PLUMBING, HEATING, AND  AIR-CONDITIONING CONTRACTORS",0.8482770124639955,0.8729668993179402,1.2480178820990504
Barnett Shoals,"PLUMBING, HEATING, AND  AIR-CONDITIONING CONTRACTORS",0.778586857278834,1.0276903292653736,1.3647407770205133
Barrow,"PLUMBING, HEATING, AND  AIR-CONDITIONING CONTRACTORS",0.8710602637425395,1.0715720617314235,1.2760764861429978
Chase Street,"PLUMBING, HEATING, AND  AIR-CONDITIONING CONTRACTORS",0.3145635186786342,0.46130027034985815,0.5848652078067608
Choice Zone-East,"PLUMBING, HEATING, AND  AIR-CONDITIONING CONTRACTORS",1.1395674661679822,1.3966062309175267,1.6708939351429428
Choice Zone-West,"PLUMBING, HEATING, AND  AIR-CONDITIONING CONTRACTORS",0.904236285364454,1.470895741610568,1.734759400079044
Cleveland Road,"PLUMBING, HEATING, AND  AIR-CONDITIONING CONTRACTORS",0.6367869803185868,0.9578115480161176,1.1325176411646425
Fowler Drive,"PLUMBING, HEATING, AND  AIR-CONDITIONING CONTRACTORS",0.8131845299601221,1.2532546842139987,1.6652166284441248
Gaines,"PLUMBING, HEATING, AND  AIR-CONDITIONING CONTRACTORS",0.6421498265022529,0.9713783714600202,1.1524722931015505
Howard B Stroud,"PLUMBING, HEATING, AND  AIR-CONDITIONING CONTRACTORS",0.8319568603885129,1.0003652787704456,1.106319980880264
Judia Jackson Harris,"PLUMBING, HEATING, AND  AIR-CONDITIONING CONTRACTORS",2.107609306325622,2.2936471473857054,2.7102486366917744
Oglethorpe,"PLUMBING, HEATING, AND  AIR-CONDITIONING CONTRACTORS",1.3771426576462036,1.6711817284289832,1.8915204789332336
Timothy Rd.,"PLUMBING, HEATING, AND  AIR-CONDITIONING CONTRACTORS",1.0737245078531845,1.4524237957070176,1.533650351165832
Whit Davis,"PLUMBING, HEATING, AND  AIR-CONDITIONING CONTRACTORS",1.4009703569802148,1.9318219714241478,2.5414157945669227
Whitehead Rd.,"PLUMBING, HEATING, AND  AIR-CONDITIONING CONTRACTORS",1.2382880442076112,1.6703961328383432,2.2825784103918196
Winterville,"PLUMBING, HEATING, AND  AIR-CONDITIONING CONTRACTORS",1.0946966226475443,1.943715528698747,2.499990479340257
Alps Road,REAL ESTATE PROPERTY MANAGERS,0.1915043809821446,0.2761240386910221,0.3411163635299351
Barnett Shoals,REAL ESTATE PROPERTY MANAGERS,0.38124954090453905,0.6069101021155583,0.6973553590075996
Barrow,REAL ESTATE PROPERTY MANAGERS,0.2005167022440236,0.2627451526582478,0.3257100055773651
Chase Street,REAL ESTATE PROPERTY MANAGERS,0.18142150463634266,0.24282423669668868,0.3069519777072437
Choice Zone-East,REAL ESTATE PROPERTY MANAGERS,0.3584693512520223,0.5910637266753856,0.6476254302184369
Choice Zone-West,REAL ESTATE PROPERTY MANAGERS,0.8751523435788021,1.6227481218059796,1.9388273005152243
Cleveland Road,REAL ESTATE PROPERTY MANAGERS,0.5395891906105481,0.758564466587999,0.9769419969277261
Fowler Drive,REAL ESTATE PROPERTY MANAGERS,0.8989735095441646,1.1229863248156864,1.2585140080751571
Gaines,REAL ESTATE PROPERTY MANAGERS,0.27254103505113897,0.3737561246249412,0.4530770046872222
Howard B Stroud,REAL ESTATE PROPERTY MANAGERS,0.2628251120946899,0.3785821545953238,0.5182322660405911
Judia Jackson Harris,REAL ESTATE PROPERTY MANAGERS,0.9319318060544547,2.7124679757970593,3.001864796580108
Oglethorpe,REAL ESTATE PROPERTY MANAGERS,0.3913586838422488,0.6760973043872458,0.7884558708907081
Timothy Rd.,REAL ESTATE PROPERTY MANAGERS,0.23170576639693835,0.3723285374813786,0.5121664157289564
Whit Davis,REAL ESTATE PROPERTY MANAGERS,0.7243065842315864,1.0793499586279862,1.3064650204656096
Whitehead Rd.,REAL ESTATE PROPERTY MANAGERS,1.0073323331274666,1.3175141370972219,1.4482881441148578
Winterville,REAL ESTATE PROPERTY MANAGERS,1.227510924470167,1.9374592082566684,2.091238778866608
Alps Road,RESIDENTIAL BUILDING CONSTRUCTION,0.23093259056463628,0.3627213929886813,0.5025996890115213
Barnett Shoals,RESIDENTIAL BUILDING CONSTRUCTION,0.8016466053112211,1.026698875132469,1.154198387868016
Barrow,RESIDENTIAL BUILDING CONSTRUCTION,0.33957511273998686,0.43419855171748567,0.5112050233943148
Chase Street,RESIDENTIAL BUILDING CONSTRUCTION,0.2378576247709535,0.337859482418296,0.40985240609894563
Choice Zone-East,RESIDENTIAL BUILDING CONSTRUCTION,0.3164871744305551,0.4778852735332006,0.6650255476337424
Choice Zone-West,RESIDENTIAL BUILDING CONSTRUCTION,0.5885983137192891,0.9269090259828785,1.1679890439107308
Cleveland Road,RESIDENTIAL BUILDING CONSTRUCTION,0.696955842220997,0.9551755268764982,1.3676625084929452
Fowler Drive,RESIDENTIAL BUILDING CONSTRUCTION,0.6659811695142018,0.9008671994451372,1.3234992983424494
Gaines,RESIDENTIAL BUILDING CONSTRUCTION,0.3577874455687924,0.5122913573621081,0.6860631900823622
Howard B Stroud,RESIDENTIAL BUILDING CONSTRUCTION,0.8491352738369248,1.0569029759427968,1.1343338542216337
Judia Jackson Harris,RESIDENTIAL BUILDING CONSTRUCTION,0.7404684613539253,1.4800930071878873,1.7333090928033856
Oglethorpe,RESIDENTIAL BUILDING CONSTRUCTION,0.4549934733504902,0.7607204665339445,0.8928914324750847
Timothy Rd.,RESIDENTIAL BUILDING CONSTRUCTION,0.43486144799156257,0.7068317220390289,0.9158302699808736
Whit Davis,RESIDENTIAL BUILDING CONSTRUCTION,1.02599382834648,1.571532985738658,1.969942135417717
Whitehead Rd.,RESIDENTIAL BUILDING CONSTRUCTION,0.42711245340816584,0.6651178671126878,0.8160703190308446
Winterville,RESIDENTIAL BUILDING CONSTRUCTION,1.820599356855206,2.3411753209851494,2.511435374618983
Alps Road,SUPERMARKETS AND OTHER GROCERY (EXCEPT CONVENIENCE),0.3640613729753997,0.5328412506704528,0.7098891112723094
Barnett Shoals,SUPERMARKETS AND OTHER GROCERY (EXCEPT CONVENIENCE),0.9473149295063745,1.0688165023860348,1.362115366515313
Barrow,SUPERMARKETS AND OTHER GROCERY (EXCEPT CONVENIENCE),0.6440973174417931,0.7570686578880897,0.9863972453958124
Chase Street,SUPERMARKETS AND OTHER GROCERY (EXCEPT CONVENIENCE),0.29928004074797976,0.43448897567092715,0.5474230437567789
Choice Zone-East,SUPERMARKETS AND OTHER GROCERY (EXCEPT CONVENIENCE),0.6461059352831086,0.8675541206859145,0.913297760870047
Choice Zone-West,SUPERMARKETS AND OTHER GROCERY (EXCEPT CONVENIENCE),0.9137792174799547,1.8628680632555041,2.2326899713817525
Cleveland Road,SUPERMARKETS AND OTHER GROCERY (EXCEPT CONVENIENCE),1.8641247128388254,2.002946401864095,2.416923172716853
Fowler Drive,SUPERMARKETS AND OTHER GROCERY (EXCEPT CONVENIENCE),1.0009950440149316,1.5287758727225131,1.8211899550152284
Gaines,SUPERMARKETS AND OTHER GROCERY (EXCEPT CONVENIENCE),0.482123625472567,0.4873220472274636,1.1272936790779555
Howard B Stroud,SUPERMARKETS AND OTHER GROCERY (EXCEPT CONVENIENCE),0.7026470259759338,0.7899606073686469,1.233357419382602
Judia Jackson Harris,SUPERMARKETS AND OTHER GROCERY (EXCEPT CONVENIENCE),0.8788942185167689,1.1498590826213912,1.755775107505539
Oglethorpe,SUPERMARKETS AND OTHER GROCERY (EXCEPT CONVENIENCE),1.4476373709455481,1.6478915075107943,1.7461623071953423
Timothy Rd.,SUPERMARKETS AND OTHER GROCERY (EXCEPT CONVENIENCE),0.8162432758168082,1.006954673579499,1.199505373076605
Whit Davis,SUPERMARKETS AND OTHER GROCERY (EXCEPT CONVENIENCE),2.27793379932041,2.3979663573616725,2.436465608745286
Whitehead Rd.,SUPERMARKETS AND OTHER GROCERY (EXCEPT CONVENIENCE),1.2642682434906802,1.968659355206435,2.5506230440368918
Winterville,SUPERMARKETS AND OTHER GROCERY (EXCEPT CONVENIENCE),1.934893550753657,2.6888589453979046,2.8151681010473304
Alps Road,TIRE DEALERS,0.4457911177778712,0.8860531707274849,1.3582009065188079
Barnett Shoals,TIRE DEALERS,1.1479952539677791,2.2836834258865712,2.394773085174594
Barrow,TIRE DEALERS,1.1576444427947914,1.5721802077962672,2.0276236048223155
Chase Street,TIRE DEALERS,0.5877280961318118,1.0134533458127788,1.3187106077183293
Choice Zone-East,TIRE DEALERS,0.7397117496822483,0.9038106013220556,1.41561420811608
Choice Zone-West,TIRE DEALERS,1.7402005814517854,2.0663280603246044,2.29646928163494
Cleveland Road,TIRE DEALERS,0.7544643194040299,1.2934487213968877,1.501242165177133
Fowler Drive,TIRE DEALERS,0.6836902381761925,1.1130310144512376,1.4948122872899643
Gaines,TIRE DEALERS,0.8365697848226072,1.4141551449033025,1.6751493046006953
Howard B Stroud,TIRE DEALERS,0.9348976197462017,1.3460175925232225,1.5607283640337988
Judia Jackson Harris,TIRE DEALERS,1.9755591017773688,2.330238654630778,2.7009956943498357
Oglethorpe,TIRE DEALERS,1.3670155647048265,1.5122691872138116,1.7408974740475922
Timothy Rd.,TIRE DEALERS,0.746537089163135,1.0089479642565948,1.201123807811218
Whit Davis,TIRE DEALERS,2.325942853605253,2.620092839785644,2.8959211328872856
Whitehead Rd.,TIRE DEALERS,2.427942572206974,2.5945713534139245,2.7524667026707936
Winterville,TIRE DEALERS,1.9835785766927854,2.08114536588204,3.0628116770967146
Alps Road,VENDING MACHINE OPERATORS,0.611027521815333,1.3637683100669045,1.540449115559156
Barnett Shoals,VENDING MACHINE OPERATORS,1.180706923251018,2.5772539680497695,3.1988056445185085
Barrow,VENDING MACHINE OPERATORS,1.1124818992884902,1.2626634549442137,1.3021389450285805
Chase Street,VENDING MACHINE OPERATORS,0.584628473812117,0.9611897505192167,1.1207986165438308
Choice Zone-East,VENDING MACHINE OPERATORS,0.930245703391744,1.4911440990964075,3.404235243320075
Choice Zone-West,VENDING MACHINE OPERATORS,0.6038331756344084,1.1937736009145803,1.9492593618884835
Cleveland Road,VENDING MACHINE OPERATORS,2.416923172716853,2.416923172716853,3.2468678249232625
Fowler Drive,VENDING MACHINE OPERATORS,1.3426783804336198,2.3070157163403966,2.6079783105627783
Gaines,VENDING MACHINE OPERATORS,0.9613527052607546,1.3270857906054905,1.5433287931793178
Howard B Stroud,VENDING MACHINE OPERATORS,0.7848835117718261,1.2807155846854779,1.3468978055427847
Judia Jackson Harris,VENDING MACHINE OPERATORS,3.3343668135867253,4.170882130064845,4.59793526672541
Oglethorpe,VENDING MACHINE OPERATORS,1.6180812567125389,1.7306636737889713,2.0110199567383775
Timothy Rd.,VENDING MACHINE OPERATORS,0.9712684884315754,1.068370400414583,1.7694968496811034
Whit Davis,VENDING MACHINE OPERATORS,2.016410732140154,2.639771197937256,5.323958146912467
Whitehead Rd.,VENDING MACHINE OPERATORS,1.6262162167798806,2.1972732142178995,2.569885940440634
Winterville,VENDING MACHINE OPERATORS,1.839398331849234,3.3692773575699615,4.274878641394517
Alps Road,VETERINARY SERVICES,0.6015115041808161,0.8913208817867041,1.1066628556979599
Barnett Shoals,VETERINARY SERVICES,1.0119067939251323,1.6955308013926782,1.8489913867118402
Barrow,VETERINARY SERVICES,0.8138944060937179,1.0808780614037332,1.4969541216022189
Chase Street,VETERINARY SERVICES,0.6615066822848118,0.9480598543851545,1.1059173354269176
Choice Zone-East,VETERINARY SERVICES,0.45222031756838116,0.6558169372789838,0.8325782902566193
Choice Zone-West,VETERINARY SERVICES,1.4479267818057175,2.075362263948031,2.3256835159900766
Cleveland Road,VETERINARY SERVICES,1.9866972543708434,2.242245214979796,3.3503615384383534
Fowler Drive,VETERINARY SERVICES,1.7215841267042915,2.3930556445955244,3.010582183558068
Gaines,VETERINARY SERVICES,1.5187603719781002,1.5551092255729773,1.8011428112679215
Howard B Stroud,VETERINARY SERVICES,1.5985334970376819,2.1524098839485823,2.4705936770942776
Judia Jackson Harris,VETERINARY SERVICES,1.0203511866311197,1.7081115216807257,4.588893262190552
Oglethorpe,VETERINARY SERVICES,1.1677498012728815,1.4211736885534394,1.5242270112107348
Timothy Rd.,VETERINARY SERVICES,0.8006305867174802,1.0659282031498887,1.5227147865307622
Whit Davis,VETERINARY SERVICES,1.682083051888128,2.057642082839885,2.391144933839318
Whitehead Rd.,VETERINARY SERVICES,1.1227693955073779,2.0629301055426326,2.1394722023604484
Winterville,VETERINARY SERVICES,1.7544831999357373,2.2155799309978623,2.495216234229133
Alps Road,VIDEO TAPE AND DISC RENTAL,0.5438324604973908,0.6316825919609261,0.7045885390676255
Barnett Shoals,VIDEO TAPE AND DISC RENTAL,1.11858909262499,1.1562603951000703,1.4114009901484001
Barrow,VIDEO TAPE AND DISC RENTAL,1.4836928391124826,1.7377903397276955,1.9167379115933687
Chase Street,VIDEO TAPE AND DISC RENTAL,0.5750896470095458,1.232854194437684,1.373892008616015
Choice Zone-East,VIDEO TAPE AND DISC RENTAL,0.6663698673498859,0.8488792596964483,1.0213922794923578
Choice Zone-West,VIDEO TAPE AND DISC RENTAL,2.8627706859342656,3.2964523280898703,3.5486983547959783
Cleveland Road,VIDEO TAPE AND DISC RENTAL,1.281616637063226,1.8697324313012638,2.416923172716853
Fowler Drive,VIDEO TAPE AND DISC RENTAL,2.001523906278429,2.9771841671593697,3.4430860684766396
Gaines,VIDEO TAPE AND DISC RENTAL,0.7283299841575814,1.5734065247115812,1.7966306904478253
Howard B Stroud,VIDEO TAPE AND DISC RENTAL,1.430658486833753,1.9242005819806798,2.4092884856102614
Judia Jackson Harris,VIDEO TAPE AND DISC RENTAL,1.6699439659118445,4.4198496699432415,5.040176314594489
Oglethorpe,VIDEO TAPE AND DISC RENTAL,1.574931150581474,1.8161839287407606,1.898716627886601
Timothy Rd.,VIDEO TAPE AND DISC RENTAL,0.8505507347325888,1.1304559032565042,1.5147822997002773
Whit Davis,VIDEO TAPE AND DISC RENTAL,2.0185956999315517,2.0197675940488806,2.363822598482026
Whitehead Rd.,VIDEO TAPE AND DISC RENTAL,2.744821310810137,2.875018864329116,2.9839120278403164
Winterville,VIDEO TAPE AND DISC RENTAL,1.5720624535591472,1.7725601931887203,2.138955843831934
Alps Road,WOMEN'S CLOTHING STORES,0.42466014980881256,0.5471758426178194,0.6799034097896987
Barnett Shoals,WOMEN'S CLOTHING STORES,2.0737042126540963,2.52370769156595,2.9315039961930913
Barrow,WOMEN'S CLOTHING STORES,0.6866936782921895,1.0532495697390463,1.1488914802048227
Chase Street,WOMEN'S CLOTHING STORES,0.5573341694350293,0.8065565720858892,0.8963507878405276
Choice Zone-East,WOMEN'S CLOTHING STORES,0.7487899992876308,1.2200662459820055,3.457525045555708
Choice Zone-West,WOMEN'S CLOTHING STORES,2.8024497151156536,3.020325578657262,3.2779946786927026
Cleveland Road,WOMEN'S CLOTHING STORES,1.3236262012381346,1.3236262012381346,1.3236262012381346
Fowler Drive,WOMEN'S CLOTHING STORES,1.5211290893272638,2.8272009837395378,2.8881959935278663
Gaines,WOMEN'S CLOTHING STORES,1.1042198714223772,1.3682324072757182,1.6235204947090978
Howard B Stroud,WOMEN'S CLOTHING STORES,0.8958075857951954,1.236849232775479,1.3253128190560843
Judia Jackson Harris,WOMEN'S CLOTHING STORES,3.077144984152332,4.724287407563386,4.73452115051537
Oglethorpe,WOMEN'S CLOTHING STORES,1.1488860195586197,1.8015378650406717,1.8090473220121082
Timothy Rd.,WOMEN'S CLOTHING STORES,1.2354986987088696,1.3362600557964008,1.3722534549452783
Whit Davis,WOMEN'S CLOTHING STORES,2.1706131365667742,2.574439554396065,5.14578337023093
Whitehead Rd.,WOMEN'S CLOTHING STORES,2.234977304763738,2.839663093810569,2.877968301442588
Winterville,WOMEN'S CLOTHING STORES,1.7326156788973135,2.196830047627558,4.100712898720645
